Compound-V2, 1614196800, 1614200400, 0.09825527406836346
Aave-V2, 1614196800, 1614200400, 0.03874503741242657
Compound-V2, 1614193200, 1614196800, 0.09845843245994973
Aave-V2, 1614193200, 1614196800, 0.038407392884894295
Compound-V2, 1614189600, 1614193200, 0.09868463551196634
Aave-V2, 1614189600, 1614193200, 0.03828627418978303
Compound-V2, 1614186000, 1614189600, 0.09900538809755267
Aave-V2, 1614186000, 1614189600, 0.03804735200307955
Compound-V2, 1614182400, 1614186000, 0.0994914512756975
Aave-V2, 1614182400, 1614186000, 0.03798733872417028
Compound-V2, 1614178800, 1614182400, 0.09936726244816561
Aave-V2, 1614178800, 1614182400, 0.03786567242808494
Compound-V2, 1614175200, 1614178800, 0.09946695071252644
Aave-V2, 1614175200, 1614178800, 0.03810431653385598
Compound-V2, 1614171600, 1614175200, 0.09926197409003416
Aave-V2, 1614171600, 1614175200, 0.038402071282980385
Compound-V2, 1614168000, 1614171600, 0.09948101727609951
Aave-V2, 1614168000, 1614171600, 0.038477645514479755
Compound-V2, 1614164400, 1614168000, 0.09948151947950849
Aave-V2, 1614164400, 1614168000, 0.03836148205466736
Compound-V2, 1614160800, 1614164400, 0.09944580223095327
Aave-V2, 1614160800, 1614164400, 0.038155207149628355
Compound-V2, 1614157200, 1614160800, 0.09942136068317944
Aave-V2, 1614157200, 1614160800, 0.03770579645075657
Compound-V2, 1614153600, 1614157200, 0.09949401673552025
Aave-V2, 1614153600, 1614157200, 0.038314104044884736
Compound-V2, 1614150000, 1614153600, 0.09985282362724182
Aave-V2, 1614150000, 1614153600, 0.03830144230728877
Compound-V2, 1614146400, 1614150000, 0.09928094936046554
Aave-V2, 1614146400, 1614150000, 0.03848844145115537
Compound-V2, 1614142800, 1614146400, 0.09896602413187719
Aave-V2, 1614142800, 1614146400, 0.04398317830530882
Compound-V2, 1614139200, 1614142800, 0.09897543597764263
Aave-V2, 1614139200, 1614142800, 0.08234975775148892
Compound-V2, 1614135600, 1614139200, 0.098918434176791
Aave-V2, 1614135600, 1614139200, 0.08346785537667639
Compound-V2, 1614132000, 1614135600, 0.098805755794362
Aave-V2, 1614132000, 1614135600, 0.06974450150662262
Compound-V2, 1614128400, 1614132000, 0.09962260693885619
Aave-V2, 1614128400, 1614132000, 0.03952102299720331
Compound-V2, 1614124800, 1614128400, 0.09926986104171419
Aave-V2, 1614124800, 1614128400, 0.038298955264707904
Compound-V2, 1614121200, 1614124800, 0.09879888388278682
Aave-V2, 1614121200, 1614124800, 0.03838788010159572
Compound-V2, 1614117600, 1614121200, 0.09879838534856464
Aave-V2, 1614117600, 1614121200, 0.03830898238048386
Compound-V2, 1614114000, 1614117600, 0.0990220979761983
Aave-V2, 1614114000, 1614117600, 0.0382942855650933
Compound-V2, 1614110400, 1614114000, 0.09899399085821387
Aave-V2, 1614110400, 1614114000, 0.037955023067048864
Compound-V2, 1614106800, 1614110400, 0.09896694467961882
Aave-V2, 1614106800, 1614110400, 0.037838466606879374
Compound-V2, 1614103200, 1614106800, 0.09945434639817119
Aave-V2, 1614103200, 1614106800, 0.03805473992591178
Compound-V2, 1614099600, 1614103200, 0.09956487836272539
Aave-V2, 1614099600, 1614103200, 0.03847099340662521
Compound-V2, 1614096000, 1614099600, 0.09952703970935423
Aave-V2, 1614096000, 1614099600, 0.03845843373369964
Compound-V2, 1614092400, 1614096000, 0.09940857516775749
Aave-V2, 1614092400, 1614096000, 0.03846821817195665
Compound-V2, 1614088800, 1614092400, 0.10056543985635098
Aave-V2, 1614088800, 1614092400, 0.03865366626367114
Compound-V2, 1614085200, 1614088800, 0.10320137149550865
Aave-V2, 1614085200, 1614088800, 0.03866480547681415
Compound-V2, 1614081600, 1614085200, 0.10268209952402792
Aave-V2, 1614081600, 1614085200, 0.03863870206191325
Compound-V2, 1614078000, 1614081600, 0.10317468712023532
Aave-V2, 1614078000, 1614081600, 0.038489261241161435
Compound-V2, 1614074400, 1614078000, 0.10020301547439431
Aave-V2, 1614074400, 1614078000, 0.03831529598700503
Compound-V2, 1614070800, 1614074400, 0.10202393158237648
Aave-V2, 1614070800, 1614074400, 0.05547140012717555
Compound-V2, 1614067200, 1614070800, 0.10480509467060774
Aave-V2, 1614067200, 1614070800, 0.1160099383829449
Compound-V2, 1614063600, 1614067200, 0.10419151217702083
Aave-V2, 1614063600, 1614067200, 0.12186672048057011
Compound-V2, 1614060000, 1614063600, 0.10410804335840633
Aave-V2, 1614060000, 1614063600, 0.12256413808350632
Compound-V2, 1614056400, 1614060000, 0.10615514376917015
Aave-V2, 1614056400, 1614060000, 0.1767300339786603
Compound-V2, 1614052800, 1614056400, 0.1064409216449363
Aave-V2, 1614052800, 1614056400, 0.19790452036886957
Compound-V2, 1614049200, 1614052800, 0.10630342150255839
Aave-V2, 1614049200, 1614052800, 0.1880975205176788
Compound-V2, 1614045600, 1614049200, 0.10629688995910874
Aave-V2, 1614045600, 1614049200, 0.195806677748767
Compound-V2, 1614042000, 1614045600, 0.10633912161513018
Aave-V2, 1614042000, 1614045600, 0.30213490103137697
Compound-V2, 1614038400, 1614042000, 0.10646729214429715
Aave-V2, 1614038400, 1614042000, 0.3515387605357824
Compound-V2, 1614034800, 1614038400, 0.10675042636748693
Aave-V2, 1614034800, 1614038400, 0.33833890040372716
Compound-V2, 1614031200, 1614034800, 0.1067302648236828
Aave-V2, 1614031200, 1614034800, 0.34054758556093395
Compound-V2, 1614027600, 1614031200, 0.10668109956501481
Aave-V2, 1614027600, 1614031200, 0.3446915609667743
Compound-V2, 1614024000, 1614027600, 0.10683624980525373
Aave-V2, 1614024000, 1614027600, 0.2664091938953072
Compound-V2, 1614020400, 1614024000, 0.10738772264462404
Aave-V2, 1614020400, 1614024000, 0.16472579863738346
Compound-V2, 1614016800, 1614020400, 0.10712744110677709
Aave-V2, 1614016800, 1614020400, 0.13880180814556425
Compound-V2, 1614013200, 1614016800, 0.10632568422221042
Aave-V2, 1614013200, 1614016800, 0.15018792307386786
Compound-V2, 1614009600, 1614013200, 0.10539005946211864
Aave-V2, 1614009600, 1614013200, 0.1393365636166115
Compound-V2, 1614006000, 1614009600, 0.10661728360670811
Aave-V2, 1614006000, 1614009600, 0.13345570112601474
Compound-V2, 1614002400, 1614006000, 0.10998176009961325
Aave-V2, 1614002400, 1614006000, 0.1179114448312129
Compound-V2, 1613998800, 1614002400, 0.10970582736688192
Aave-V2, 1613998800, 1614002400, 0.12219487733398224
Compound-V2, 1613995200, 1613998800, 0.1098385912020992
Aave-V2, 1613995200, 1613998800, 0.11109440912261094
Compound-V2, 1613991600, 1613995200, 0.11004718070967734
Aave-V2, 1613991600, 1613995200, 0.09408483980877372
Compound-V2, 1613988000, 1613991600, 0.11039931896513118
Aave-V2, 1613988000, 1613991600, 0.08006079262144199
Compound-V2, 1613984400, 1613988000, 0.11040899830604871
Aave-V2, 1613984400, 1613988000, 0.0795664185796507
Compound-V2, 1613980800, 1613984400, 0.11052004821592251
Aave-V2, 1613980800, 1613984400, 0.07426885164355285
Compound-V2, 1613977200, 1613980800, 0.1106286628233543
Aave-V2, 1613977200, 1613980800, 0.07524885449125468
Compound-V2, 1613973600, 1613977200, 0.11118103617065404
Aave-V2, 1613973600, 1613977200, 0.07158766584030608
Compound-V2, 1613970000, 1613973600, 0.11160035385419446
Aave-V2, 1613970000, 1613973600, 0.06094547575954754
Compound-V2, 1613966400, 1613970000, 0.11191478022247957
Aave-V2, 1613966400, 1613970000, 0.11089992719505778
Compound-V2, 1613962800, 1613966400, 0.11195650969537096
Aave-V2, 1613962800, 1613966400, 0.1367862661894245
Compound-V2, 1613959200, 1613962800, 0.11189154359228846
Aave-V2, 1613959200, 1613962800, 0.1343583135342716
Compound-V2, 1613955600, 1613959200, 0.11188869981561432
Aave-V2, 1613955600, 1613959200, 0.127168678635598
Compound-V2, 1613952000, 1613955600, 0.11052154245658895
Aave-V2, 1613952000, 1613955600, 0.11489614358709478
Compound-V2, 1613948400, 1613952000, 0.11027497976016384
Aave-V2, 1613948400, 1613952000, 0.11147901278633972
Compound-V2, 1613944800, 1613948400, 0.10988861978812048
Aave-V2, 1613944800, 1613948400, 0.11346437958176225
Compound-V2, 1613941200, 1613944800, 0.10902966842041861
Aave-V2, 1613941200, 1613944800, 0.11023258132663726
Compound-V2, 1613937600, 1613941200, 0.1091422667234412
Aave-V2, 1613937600, 1613941200, 0.10147440729204443
Compound-V2, 1613934000, 1613937600, 0.10952927212349539
Aave-V2, 1613934000, 1613937600, 0.09766126933377367
Compound-V2, 1613930400, 1613934000, 0.10960888053288677
Aave-V2, 1613930400, 1613934000, 0.05864820793535205
Compound-V2, 1613926800, 1613930400, 0.10978231900082693
Aave-V2, 1613926800, 1613930400, 0.04455822239909986
Compound-V2, 1613923200, 1613926800, 0.11045060454790508
Aave-V2, 1613923200, 1613926800, 0.03979042997043444
Compound-V2, 1613919600, 1613923200, 0.11166292505577245
Aave-V2, 1613919600, 1613923200, 0.03972576780446696
Compound-V2, 1613916000, 1613919600, 0.11173171822487281
Aave-V2, 1613916000, 1613919600, 0.03969476484048789
Compound-V2, 1613912400, 1613916000, 0.11178879590532692
Aave-V2, 1613912400, 1613916000, 0.039555504180908016
Compound-V2, 1613908800, 1613912400, 0.11128963920576514
Aave-V2, 1613908800, 1613912400, 0.09445426596946455
Compound-V2, 1613905200, 1613908800, 0.1115328367638917
Aave-V2, 1613905200, 1613908800, 0.12356210847155663
Compound-V2, 1613901600, 1613905200, 0.11244221541183722
Aave-V2, 1613901600, 1613905200, 0.1018266778586435
Compound-V2, 1613898000, 1613901600, 0.1119940013055865
Aave-V2, 1613898000, 1613901600, 0.09380851516789708
Compound-V2, 1613894400, 1613898000, 0.11193766858918684
Aave-V2, 1613894400, 1613898000, 0.07244575761704722
Compound-V2, 1613890800, 1613894400, 0.11296244122753112
Aave-V2, 1613890800, 1613894400, 0.07279241134919666
Compound-V2, 1613887200, 1613890800, 0.1131577391642083
Aave-V2, 1613887200, 1613890800, 0.0833966444156069
Compound-V2, 1613883600, 1613887200, 0.11271120435579554
Aave-V2, 1613883600, 1613887200, 0.08281190474102194
Compound-V2, 1613880000, 1613883600, 0.11233715001505809
Aave-V2, 1613880000, 1613883600, 0.06926037991730377
Compound-V2, 1613876400, 1613880000, 0.11290785762643608
Aave-V2, 1613876400, 1613880000, 0.0733384223407555
Compound-V2, 1613872800, 1613876400, 0.11388065320017149
Aave-V2, 1613872800, 1613876400, 0.08840365360844589
Compound-V2, 1613869200, 1613872800, 0.11421392197387312
Aave-V2, 1613869200, 1613872800, 0.08835198316506371
Compound-V2, 1613865600, 1613869200, 0.11431114861339536
Aave-V2, 1613865600, 1613869200, 0.06185947290971938
Compound-V2, 1613862000, 1613865600, 0.11405060119929786
Aave-V2, 1613862000, 1613865600, 0.08161106530429568
Compound-V2, 1613858400, 1613862000, 0.11441181260692897
Aave-V2, 1613858400, 1613862000, 0.1030285668650141
Compound-V2, 1613854800, 1613858400, 0.11444229846559217
Aave-V2, 1613854800, 1613858400, 0.08628955916288368
Compound-V2, 1613851200, 1613854800, 0.11272500543522143
Aave-V2, 1613851200, 1613854800, 0.07593392139200152
Compound-V2, 1613847600, 1613851200, 0.11301879162804121
Aave-V2, 1613847600, 1613851200, 0.06609105820459145
Compound-V2, 1613844000, 1613847600, 0.11364613533944072
Aave-V2, 1613844000, 1613847600, 0.08790685099666956
Compound-V2, 1613840400, 1613844000, 0.11372091079204381
Aave-V2, 1613840400, 1613844000, 0.09820381168898724
Compound-V2, 1613836800, 1613840400, 0.11372925499447283
Aave-V2, 1613836800, 1613840400, 0.09392254421964731
Compound-V2, 1613833200, 1613836800, 0.11373169665075922
Aave-V2, 1613833200, 1613836800, 0.12799981154396406
Compound-V2, 1613829600, 1613833200, 0.11360550917823561
Aave-V2, 1613829600, 1613833200, 0.15544457504660142
Compound-V2, 1613826000, 1613829600, 0.11334023298398917
Aave-V2, 1613826000, 1613829600, 0.15467305997619285
Compound-V2, 1613822400, 1613826000, 0.1134093536945383
Aave-V2, 1613822400, 1613826000, 0.1535782336871588
Compound-V2, 1613818800, 1613822400, 0.11345826154876727
Aave-V2, 1613818800, 1613822400, 0.1529103472973061
Compound-V2, 1613815200, 1613818800, 0.11265986512505963
Aave-V2, 1613815200, 1613818800, 0.15789126410943494
Compound-V2, 1613811600, 1613815200, 0.10654975545118428
Aave-V2, 1613811600, 1613815200, 0.17189711761537413
Compound-V2, 1613808000, 1613811600, 0.10379347486884562
Aave-V2, 1613808000, 1613811600, 0.19023691655232225
Compound-V2, 1613804400, 1613808000, 0.10420805295106489
Aave-V2, 1613804400, 1613808000, 0.23069582394129695
Compound-V2, 1613800800, 1613804400, 0.10465632395661789
Aave-V2, 1613800800, 1613804400, 0.12531400774445736
Compound-V2, 1613797200, 1613800800, 0.10460314305005983
Aave-V2, 1613797200, 1613800800, 0.06806762667264991
Compound-V2, 1613793600, 1613797200, 0.1046674060107682
Aave-V2, 1613793600, 1613797200, 0.09249095251968235
Compound-V2, 1613790000, 1613793600, 0.10540533735803184
Aave-V2, 1613790000, 1613793600, 0.08469714297035659
Compound-V2, 1613786400, 1613790000, 0.10542530072752712
Aave-V2, 1613786400, 1613790000, 0.087188201730195
Compound-V2, 1613782800, 1613786400, 0.10655138045807094
Aave-V2, 1613782800, 1613786400, 0.09222584989368852
Compound-V2, 1613779200, 1613782800, 0.10715892363203725
Aave-V2, 1613779200, 1613782800, 0.08047894374028125
Compound-V2, 1613775600, 1613779200, 0.10704949932833933
Aave-V2, 1613775600, 1613779200, 0.18700116816922754
Compound-V2, 1613772000, 1613775600, 0.10646100953113524
Aave-V2, 1613772000, 1613775600, 0.33965227825679045
Compound-V2, 1613768400, 1613772000, 0.10577830503117862
Aave-V2, 1613768400, 1613772000, 0.3421244015604888
Compound-V2, 1613764800, 1613768400, 0.10565289395625213
Aave-V2, 1613764800, 1613768400, 0.32032777518113825
Compound-V2, 1613761200, 1613764800, 0.10609480786767518
Aave-V2, 1613761200, 1613764800, 0.31435588165632955
Compound-V2, 1613757600, 1613761200, 0.10661705381307457
Aave-V2, 1613757600, 1613761200, 0.3174274005126661
Compound-V2, 1613754000, 1613757600, 0.10688280724182174
Aave-V2, 1613754000, 1613757600, 0.32085836006185864
Compound-V2, 1613750400, 1613754000, 0.10678791055100136
Aave-V2, 1613750400, 1613754000, 0.32143424198736165
Compound-V2, 1613746800, 1613750400, 0.10703714935654773
Aave-V2, 1613746800, 1613750400, 0.3239674369522571
Compound-V2, 1613743200, 1613746800, 0.10713259365769473
Aave-V2, 1613743200, 1613746800, 0.3334285527471528
Compound-V2, 1613739600, 1613743200, 0.1071183310771142
Aave-V2, 1613739600, 1613743200, 0.3258261475496129
Compound-V2, 1613736000, 1613739600, 0.10686177894145703
Aave-V2, 1613736000, 1613739600, 0.3107205403084872
Compound-V2, 1613732400, 1613736000, 0.10711207513239422
Aave-V2, 1613732400, 1613736000, 0.2985040465047493
Compound-V2, 1613728800, 1613732400, 0.10701234331251414
Aave-V2, 1613728800, 1613732400, 0.30338428703601866
Compound-V2, 1613725200, 1613728800, 0.10631476892282843
Aave-V2, 1613725200, 1613728800, 0.302610504129768
Compound-V2, 1613721600, 1613725200, 0.10632988488671605
Aave-V2, 1613721600, 1613725200, 0.29598242469363345
Compound-V2, 1613718000, 1613721600, 0.10548973001806035
Aave-V2, 1613718000, 1613721600, 0.29398381436663407
Compound-V2, 1613714400, 1613718000, 0.10586456855986971
Aave-V2, 1613714400, 1613718000, 0.2986264667989169
Compound-V2, 1613710800, 1613714400, 0.10701150343264208
Aave-V2, 1613710800, 1613714400, 0.2948979280555568
Compound-V2, 1613707200, 1613710800, 0.10738693844618977
Aave-V2, 1613707200, 1613710800, 0.2959094901878021
Compound-V2, 1613703600, 1613707200, 0.10748682576188862
Aave-V2, 1613703600, 1613707200, 0.30782324710222886
Compound-V2, 1613700000, 1613703600, 0.10751029093743804
Aave-V2, 1613700000, 1613703600, 0.2875163699076268
Compound-V2, 1613696400, 1613700000, 0.10749693687502362
Aave-V2, 1613696400, 1613700000, 0.2770882867618611
Compound-V2, 1613692800, 1613696400, 0.11033771677722258
Aave-V2, 1613692800, 1613696400, 0.28040653095675366
Compound-V2, 1613689200, 1613692800, 0.11383322633260708
Aave-V2, 1613689200, 1613692800, 0.28871182863802725
Compound-V2, 1613685600, 1613689200, 0.11334745505837052
Aave-V2, 1613685600, 1613689200, 0.3090471580229364
Compound-V2, 1613682000, 1613685600, 0.11298417729886971
Aave-V2, 1613682000, 1613685600, 0.30031245179151045
Compound-V2, 1613678400, 1613682000, 0.11315588491269206
Aave-V2, 1613678400, 1613682000, 0.30484412938012834
Compound-V2, 1613674800, 1613678400, 0.1131698944080253
Aave-V2, 1613674800, 1613678400, 0.2915476797087264
Compound-V2, 1613671200, 1613674800, 0.11312149633338477
Aave-V2, 1613671200, 1613674800, 0.23949983943914485
Compound-V2, 1613667600, 1613671200, 0.11288675741547517
Aave-V2, 1613667600, 1613671200, 0.2674629744767596
Compound-V2, 1613664000, 1613667600, 0.11286254016571157
Aave-V2, 1613664000, 1613667600, 0.2960809685300723
Compound-V2, 1613660400, 1613664000, 0.11345168587503096
Aave-V2, 1613660400, 1613664000, 0.36278439128724105
Compound-V2, 1613656800, 1613660400, 0.11400695074666292
Aave-V2, 1613656800, 1613660400, 0.3868577345602881
Compound-V2, 1613653200, 1613656800, 0.11527903457790771
Aave-V2, 1613653200, 1613656800, 0.39083872976360745
Compound-V2, 1613649600, 1613653200, 0.116295466360715
Aave-V2, 1613649600, 1613653200, 0.3928930330142626
Compound-V2, 1613646000, 1613649600, 0.1172789701775352
Aave-V2, 1613646000, 1613649600, 0.3985164119244624
Compound-V2, 1613642400, 1613646000, 0.1175190683411318
Aave-V2, 1613642400, 1613646000, 0.4016465887432271
Compound-V2, 1613638800, 1613642400, 0.11762417403844667
Aave-V2, 1613638800, 1613642400, 0.23838483719860412
Compound-V2, 1613635200, 1613638800, 0.11766331836250435
Aave-V2, 1613635200, 1613638800, 0.23668259825353338
Compound-V2, 1613631600, 1613635200, 0.11687519157814372
Aave-V2, 1613631600, 1613635200, 0.21208162159456015
Compound-V2, 1613628000, 1613631600, 0.11649849587701798
Aave-V2, 1613628000, 1613631600, 0.19687268194083987
Compound-V2, 1613624400, 1613628000, 0.11665386524791352
Aave-V2, 1613624400, 1613628000, 0.19024656915432187
Compound-V2, 1613620800, 1613624400, 0.11673127223109878
Aave-V2, 1613620800, 1613624400, 0.1916928107899616
Compound-V2, 1613617200, 1613620800, 0.115767699255192
Aave-V2, 1613617200, 1613620800, 0.18166390979402033
Compound-V2, 1613613600, 1613617200, 0.11548845875373102
Aave-V2, 1613613600, 1613617200, 0.19791377343013952
Compound-V2, 1613610000, 1613613600, 0.11438840717821382
Aave-V2, 1613610000, 1613613600, 0.16906324081374421
Compound-V2, 1613606400, 1613610000, 0.1144063618605537
Aave-V2, 1613606400, 1613610000, 0.15109042551398194
Compound-V2, 1613602800, 1613606400, 0.11510322280080149
Aave-V2, 1613602800, 1613606400, 0.19188502657480253
Compound-V2, 1613599200, 1613602800, 0.11511516795004584
Aave-V2, 1613599200, 1613602800, 0.20224571236560424
Compound-V2, 1613595600, 1613599200, 0.11528436435131272
Aave-V2, 1613595600, 1613599200, 0.2102244810011163
Compound-V2, 1613592000, 1613595600, 0.11529238206856418
Aave-V2, 1613592000, 1613595600, 0.20317729447503335
Compound-V2, 1613588400, 1613592000, 0.11533558421385547
Aave-V2, 1613588400, 1613592000, 0.22293252501532143
Compound-V2, 1613584800, 1613588400, 0.11547600079495178
Aave-V2, 1613584800, 1613588400, 0.24202983364318892
Compound-V2, 1613581200, 1613584800, 0.11569357305675479
Aave-V2, 1613581200, 1613584800, 0.24345124053266798
Compound-V2, 1613577600, 1613581200, 0.11765637079966686
Aave-V2, 1613577600, 1613581200, 0.24904356914172832
Compound-V2, 1613574000, 1613577600, 0.11906742588283654
Aave-V2, 1613574000, 1613577600, 0.24271496681301644
Compound-V2, 1613570400, 1613574000, 0.12052199453012662
Aave-V2, 1613570400, 1613574000, 0.24979426295424542
Compound-V2, 1613566800, 1613570400, 0.12111349598057554
Aave-V2, 1613566800, 1613570400, 0.2544281584253786
Compound-V2, 1613563200, 1613566800, 0.12212784832198248
Aave-V2, 1613563200, 1613566800, 0.24401697923296942
Compound-V2, 1613559600, 1613563200, 0.12363198033072097
Aave-V2, 1613559600, 1613563200, 0.23152496365130315
Compound-V2, 1613556000, 1613559600, 0.12376286335813652
Aave-V2, 1613556000, 1613559600, 0.22543104091477037
Compound-V2, 1613552400, 1613556000, 0.12377498268591959
Aave-V2, 1613552400, 1613556000, 0.2246381060207911
Compound-V2, 1613548800, 1613552400, 0.12378501771290315
Aave-V2, 1613548800, 1613552400, 0.22585112177662667
Compound-V2, 1613545200, 1613548800, 0.12376985178043425
Aave-V2, 1613545200, 1613548800, 0.22291390526538796
Compound-V2, 1613541600, 1613545200, 0.12337003846822833
Aave-V2, 1613541600, 1613545200, 0.22794264847114462
Compound-V2, 1613538000, 1613541600, 0.12346521976514466
Aave-V2, 1613538000, 1613541600, 0.21984060959986637
Compound-V2, 1613534400, 1613538000, 0.12337471679996624
Aave-V2, 1613534400, 1613538000, 0.21433193898879016
Compound-V2, 1613530800, 1613534400, 0.12354671024885447
Aave-V2, 1613530800, 1613534400, 0.21473768180715036
Compound-V2, 1613527200, 1613530800, 0.12383568654703714
Aave-V2, 1613527200, 1613530800, 0.20101161236197956
Compound-V2, 1613523600, 1613527200, 0.12499146439194676
Aave-V2, 1613523600, 1613527200, 0.18356623840808253
Compound-V2, 1613520000, 1613523600, 0.12702385686265621
Aave-V2, 1613520000, 1613523600, 0.18871618565890605
Compound-V2, 1613516400, 1613520000, 0.132366161596403
Aave-V2, 1613516400, 1613520000, 0.20197248748094734
Compound-V2, 1613512800, 1613516400, 0.13452336623312075
Aave-V2, 1613512800, 1613516400, 0.22630563109054055
Compound-V2, 1613509200, 1613512800, 0.13451141102744174
Aave-V2, 1613509200, 1613512800, 0.22622208689430484
Compound-V2, 1613505600, 1613509200, 0.13453533915074148
Aave-V2, 1613505600, 1613509200, 0.22636271908512245
Compound-V2, 1613502000, 1613505600, 0.13469001801984204
Aave-V2, 1613502000, 1613505600, 0.23969225524821053
Compound-V2, 1613498400, 1613502000, 0.1351325813250863
Aave-V2, 1613498400, 1613502000, 0.24099748689138986
Compound-V2, 1613494800, 1613498400, 0.1357791786535615
Aave-V2, 1613494800, 1613498400, 0.2408818861729245
Compound-V2, 1613491200, 1613494800, 0.1372929428864044
Aave-V2, 1613491200, 1613494800, 0.2331467994146542
Compound-V2, 1613487600, 1613491200, 0.13889444496291414
Aave-V2, 1613487600, 1613491200, 0.27463204334365093
Compound-V2, 1613484000, 1613487600, 0.13935160430085364
Aave-V2, 1613484000, 1613487600, 0.2935581821691884
Compound-V2, 1613480400, 1613484000, 0.13948380256678589
Aave-V2, 1613480400, 1613484000, 0.3034408195257799
Compound-V2, 1613476800, 1613480400, 0.1434681517508663
Aave-V2, 1613476800, 1613480400, 0.33503962059888076
Compound-V2, 1613473200, 1613476800, 0.1436806605286207
Aave-V2, 1613473200, 1613476800, 0.3270146349334783
Compound-V2, 1613469600, 1613473200, 0.14397832578333775
Aave-V2, 1613469600, 1613473200, 0.327630101842225
Compound-V2, 1613466000, 1613469600, 0.1436451013801525
Aave-V2, 1613466000, 1613469600, 0.40719562390032144
Compound-V2, 1613462400, 1613466000, 0.1439721320539346
Aave-V2, 1613462400, 1613466000, 0.4119285407205963
Compound-V2, 1613458800, 1613462400, 0.14289045101201564
Aave-V2, 1613458800, 1613462400, 0.41416352485946595
Compound-V2, 1613455200, 1613458800, 0.13468288115770594
Aave-V2, 1613455200, 1613458800, 0.40625544379897266
Compound-V2, 1613451600, 1613455200, 0.13585258367163008
Aave-V2, 1613451600, 1613455200, 0.4131808459020543
Compound-V2, 1613448000, 1613451600, 0.13652065463452287
Aave-V2, 1613448000, 1613451600, 0.41086596281456483
Compound-V2, 1613444400, 1613448000, 0.13683084937713474
Aave-V2, 1613444400, 1613448000, 0.4310234378850618
Compound-V2, 1613440800, 1613444400, 0.13689059515676202
Aave-V2, 1613440800, 1613444400, 0.4104455519875533
Compound-V2, 1613437200, 1613440800, 0.13689967048120172
Aave-V2, 1613437200, 1613440800, 0.4128846865740038
Compound-V2, 1613433600, 1613437200, 0.1372284478573853
Aave-V2, 1613433600, 1613437200, 0.4152404612374274
Compound-V2, 1613430000, 1613433600, 0.13786155665514507
Aave-V2, 1613430000, 1613433600, 0.4201767121257783
Compound-V2, 1613426400, 1613430000, 0.13915384935537345
Aave-V2, 1613426400, 1613430000, 0.42994480057610385
Compound-V2, 1613422800, 1613426400, 0.1396986140635865
Aave-V2, 1613422800, 1613426400, 0.432160566492717
Compound-V2, 1613419200, 1613422800, 0.14049895129772566
Aave-V2, 1613419200, 1613422800, 0.4322693995073863
Compound-V2, 1613415600, 1613419200, 0.14083020714103858
Aave-V2, 1613415600, 1613419200, 0.43321620668304717
Compound-V2, 1613412000, 1613415600, 0.14081310020747786
Aave-V2, 1613412000, 1613415600, 0.43509070623630774
Compound-V2, 1613408400, 1613412000, 0.14073833844339056
Aave-V2, 1613408400, 1613412000, 0.43085385404087034
Compound-V2, 1613404800, 1613408400, 0.1414208655440554
Aave-V2, 1613404800, 1613408400, 0.43673913038512935
Compound-V2, 1613401200, 1613404800, 0.14301332355310126
Aave-V2, 1613401200, 1613404800, 0.42946868793774384
Compound-V2, 1613397600, 1613401200, 0.15254995916988556
Aave-V2, 1613397600, 1613401200, 0.43668717336062085
Compound-V2, 1613394000, 1613397600, 0.15233922845588257
Aave-V2, 1613394000, 1613397600, 0.46271090463995174
Compound-V2, 1613390400, 1613394000, 0.1535637306936468
Aave-V2, 1613390400, 1613394000, 0.45701425343919877
Compound-V2, 1613386800, 1613390400, 0.1535163910017249
Aave-V2, 1613386800, 1613390400, 0.4472090466031878
Compound-V2, 1613383200, 1613386800, 0.15294323497470194
Aave-V2, 1613383200, 1613386800, 0.4397716235350269
Compound-V2, 1613379600, 1613383200, 0.1529162402981772
Aave-V2, 1613379600, 1613383200, 0.4293597707107847
Compound-V2, 1613376000, 1613379600, 0.1532528458740902
Aave-V2, 1613376000, 1613379600, 0.41735661550992703
Compound-V2, 1613372400, 1613376000, 0.15233725649637603
Aave-V2, 1613372400, 1613376000, 0.39326732117807456
Compound-V2, 1613368800, 1613372400, 0.15191432148861075
Aave-V2, 1613368800, 1613372400, 0.38408767331116633
Compound-V2, 1613365200, 1613368800, 0.1519190457769346
Aave-V2, 1613365200, 1613368800, 0.3833971834739632
Compound-V2, 1613361600, 1613365200, 0.15215049819881976
Aave-V2, 1613361600, 1613365200, 0.39861889532494427
Compound-V2, 1613358000, 1613361600, 0.1534674220075319
Aave-V2, 1613358000, 1613361600, 0.4226657631946116
Compound-V2, 1613354400, 1613358000, 0.15537122277403365
Aave-V2, 1613354400, 1613358000, 0.4460186053789175
Compound-V2, 1613350800, 1613354400, 0.15571499454468452
Aave-V2, 1613350800, 1613354400, 0.5331426111612868
Compound-V2, 1613347200, 1613350800, 0.15579252895301046
Aave-V2, 1613347200, 1613350800, 0.563643437909163
Compound-V2, 1613343600, 1613347200, 0.15497181366465249
Aave-V2, 1613343600, 1613347200, 0.576443433067605
Compound-V2, 1613340000, 1613343600, 0.1547996592262339
Aave-V2, 1613340000, 1613343600, 0.5766194314243206
Compound-V2, 1613336400, 1613340000, 0.15429668547476724
Aave-V2, 1613336400, 1613340000, 0.5893895144298655
Compound-V2, 1613332800, 1613336400, 0.15436201781066333
Aave-V2, 1613332800, 1613336400, 0.5955408556674279
Compound-V2, 1613329200, 1613332800, 0.15250970916642836
Aave-V2, 1613329200, 1613332800, 0.6058793625448395
Compound-V2, 1613325600, 1613329200, 0.15188841930183214
Aave-V2, 1613325600, 1613329200, 0.6226719655100671
Compound-V2, 1613322000, 1613325600, 0.15208023599322956
Aave-V2, 1613322000, 1613325600, 0.6254280804810124
Compound-V2, 1613318400, 1613322000, 0.15220807065360292
Aave-V2, 1613318400, 1613322000, 0.6182669722348331
Compound-V2, 1613314800, 1613318400, 0.15221804411145495
Aave-V2, 1613314800, 1613318400, 0.21866274567208446
Compound-V2, 1613311200, 1613314800, 0.1523172383098753
Aave-V2, 1613311200, 1613314800, 0.20470684078123047
Compound-V2, 1613307600, 1613311200, 0.15260883748393134
Aave-V2, 1613307600, 1613311200, 0.2027376144933231
Compound-V2, 1613304000, 1613307600, 0.1524133493118687
Aave-V2, 1613304000, 1613307600, 0.18346729690121205
Compound-V2, 1613300400, 1613304000, 0.1520997605053109
Aave-V2, 1613300400, 1613304000, 0.17196495945375595
Compound-V2, 1613296800, 1613300400, 0.15206905873763613
Aave-V2, 1613296800, 1613300400, 0.1648007100556269
Compound-V2, 1613293200, 1613296800, 0.15195264454201138
Aave-V2, 1613293200, 1613296800, 0.158563248902557
Compound-V2, 1613289600, 1613293200, 0.15203431283077654
Aave-V2, 1613289600, 1613293200, 0.16341008392795647
Compound-V2, 1613286000, 1613289600, 0.15233362679701393
Aave-V2, 1613286000, 1613289600, 0.16120157442034153
Compound-V2, 1613282400, 1613286000, 0.14837973221670367
Aave-V2, 1613282400, 1613286000, 0.16882973541719243
Compound-V2, 1613278800, 1613282400, 0.14813612738203266
Aave-V2, 1613278800, 1613282400, 0.15856825072387484
Compound-V2, 1613275200, 1613278800, 0.1482522088646635
Aave-V2, 1613275200, 1613278800, 0.1587086802108656
Compound-V2, 1613271600, 1613275200, 0.1487045161931032
Aave-V2, 1613271600, 1613275200, 0.13477482307183936
Compound-V2, 1613268000, 1613271600, 0.14951934881768317
Aave-V2, 1613268000, 1613271600, 0.10367893332731304
Compound-V2, 1613264400, 1613268000, 0.1498163033798532
Aave-V2, 1613264400, 1613268000, 0.09860185850819382
Compound-V2, 1613260800, 1613264400, 0.15001366694803217
Aave-V2, 1613260800, 1613264400, 0.090539346240435
Compound-V2, 1613257200, 1613260800, 0.15017736638216841
Aave-V2, 1613257200, 1613260800, 0.08884703339188631
Compound-V2, 1613253600, 1613257200, 0.1505968555147957
Aave-V2, 1613253600, 1613257200, 0.07678395902438884
Compound-V2, 1613250000, 1613253600, 0.150644626172146
Aave-V2, 1613250000, 1613253600, 0.07225434011555729
Compound-V2, 1613246400, 1613250000, 0.15015969391675696
Aave-V2, 1613246400, 1613250000, 0.06110648748500884
Compound-V2, 1613242800, 1613246400, 0.1490904771061715
Aave-V2, 1613242800, 1613246400, 0.06586988569879358
Compound-V2, 1613239200, 1613242800, 0.14914040938885467
Aave-V2, 1613239200, 1613242800, 0.0644738044645
Compound-V2, 1613235600, 1613239200, 0.14927742116063797
Aave-V2, 1613235600, 1613239200, 0.05460373183825334
Compound-V2, 1613232000, 1613235600, 0.15059325080054115
Aave-V2, 1613232000, 1613235600, 0.050632644337530466
Compound-V2, 1613228400, 1613232000, 0.1507428745816323
Aave-V2, 1613228400, 1613232000, 0.05121799142659555
Compound-V2, 1613224800, 1613228400, 0.15070634025151605
Aave-V2, 1613224800, 1613228400, 0.0459658912113415
Compound-V2, 1613221200, 1613224800, 0.150598948941429
Aave-V2, 1613221200, 1613224800, 0.042132565870527036
Compound-V2, 1613217600, 1613221200, 0.1510789661771636
Aave-V2, 1613217600, 1613221200, 0.039808990485262215
Compound-V2, 1613214000, 1613217600, 0.15066192550700272
Aave-V2, 1613214000, 1613217600, 0.03974617797980856
Compound-V2, 1613210400, 1613214000, 0.15056352590867583
Aave-V2, 1613210400, 1613214000, 0.03982580564376196
Compound-V2, 1613206800, 1613210400, 0.1501793273252497
Aave-V2, 1613206800, 1613210400, 0.03970533492017951
Compound-V2, 1613203200, 1613206800, 0.15010163397077625
Aave-V2, 1613203200, 1613206800, 0.039395633281364466
Compound-V2, 1613199600, 1613203200, 0.15039044740376178
Aave-V2, 1613199600, 1613203200, 0.03974478377199793
Compound-V2, 1613196000, 1613199600, 0.1505680005796726
Aave-V2, 1613196000, 1613199600, 0.07869726586009096
Compound-V2, 1613192400, 1613196000, 0.15058292818134233
Aave-V2, 1613192400, 1613196000, 0.17895520088272662
Compound-V2, 1613188800, 1613192400, 0.1505954256952492
Aave-V2, 1613188800, 1613192400, 0.18913729295852283
Compound-V2, 1613185200, 1613188800, 0.15064540275975621
Aave-V2, 1613185200, 1613188800, 0.18163701862476725
Compound-V2, 1613181600, 1613185200, 0.1515772258021998
Aave-V2, 1613181600, 1613185200, 0.1636476039920064
Compound-V2, 1613178000, 1613181600, 0.15193699933380422
Aave-V2, 1613178000, 1613181600, 0.15940782318881985
Compound-V2, 1613174400, 1613178000, 0.15199133552059468
Aave-V2, 1613174400, 1613178000, 0.15970893420778673
Compound-V2, 1613170800, 1613174400, 0.1521416798605761
Aave-V2, 1613170800, 1613174400, 0.12571331365863095
Compound-V2, 1613167200, 1613170800, 0.1523975868918303
Aave-V2, 1613167200, 1613170800, 0.12372395262542585
Compound-V2, 1613163600, 1613167200, 0.15250153617276885
Aave-V2, 1613163600, 1613167200, 0.1263706004381281
Compound-V2, 1613160000, 1613163600, 0.15236178768294464
Aave-V2, 1613160000, 1613163600, 0.13457381437851235
Compound-V2, 1613156400, 1613160000, 0.15235965695362297
Aave-V2, 1613156400, 1613160000, 0.14048084576392797
Compound-V2, 1613152800, 1613156400, 0.15238662355313462
Aave-V2, 1613152800, 1613156400, 0.14141512347167712
Compound-V2, 1613149200, 1613152800, 0.15251257825360104
Aave-V2, 1613149200, 1613152800, 0.1341529043187576
Compound-V2, 1613145600, 1613149200, 0.15259255790373746
Aave-V2, 1613145600, 1613149200, 0.1222925256570372
Compound-V2, 1613142000, 1613145600, 0.15250005152959423
Aave-V2, 1613142000, 1613145600, 0.10559546359216665
Compound-V2, 1613138400, 1613142000, 0.1527315301550366
Aave-V2, 1613138400, 1613142000, 0.10641721722373407
Compound-V2, 1613134800, 1613138400, 0.15241330382337895
Aave-V2, 1613134800, 1613138400, 0.09919666377488175
Compound-V2, 1613131200, 1613134800, 0.15259851297073643
Aave-V2, 1613131200, 1613134800, 0.10117654569562322
Compound-V2, 1613127600, 1613131200, 0.15272154409802366
Aave-V2, 1613127600, 1613131200, 0.11916640618659212
Compound-V2, 1613124000, 1613127600, 0.1531949522762447
Aave-V2, 1613124000, 1613127600, 0.1263391561271088
Compound-V2, 1613120400, 1613124000, 0.15373237732248785
Aave-V2, 1613120400, 1613124000, 0.09650349478723354
Compound-V2, 1613116800, 1613120400, 0.15359347401369233
Aave-V2, 1613116800, 1613120400, 0.041887199274785195
Compound-V2, 1613113200, 1613116800, 0.15362220562179693
Aave-V2, 1613113200, 1613116800, 0.04890865167777292
Compound-V2, 1613109600, 1613113200, 0.1533864098753964
Aave-V2, 1613109600, 1613113200, 0.04743793174091816
Compound-V2, 1613106000, 1613109600, 0.1531331955162542
Aave-V2, 1613106000, 1613109600, 0.06805580577284549
Compound-V2, 1613102400, 1613106000, 0.1531583654535336
Aave-V2, 1613102400, 1613106000, 0.07987017617976641
Compound-V2, 1613098800, 1613102400, 0.15338310987296877
Aave-V2, 1613098800, 1613102400, 0.1070926540634667
Compound-V2, 1613095200, 1613098800, 0.15336753865761205
Aave-V2, 1613095200, 1613098800, 0.11230286222349184
Compound-V2, 1613091600, 1613095200, 0.15350079881815296
Aave-V2, 1613091600, 1613095200, 0.10470227094305665
Compound-V2, 1613088000, 1613091600, 0.15284972685262083
Aave-V2, 1613088000, 1613091600, 0.09121567719163912
Compound-V2, 1613084400, 1613088000, 0.1523393281775732
Aave-V2, 1613084400, 1613088000, 0.08966184789954622
Compound-V2, 1613080800, 1613084400, 0.15347304228403036
Aave-V2, 1613080800, 1613084400, 0.11731748325482909
Compound-V2, 1613077200, 1613080800, 0.15408483211298712
Aave-V2, 1613077200, 1613080800, 0.14741047978298924
Compound-V2, 1613073600, 1613077200, 0.15388311548158076
Aave-V2, 1613073600, 1613077200, 0.1589871550136978
Compound-V2, 1613070000, 1613073600, 0.15279792361956276
Aave-V2, 1613070000, 1613073600, 0.19992855920787417
Compound-V2, 1613066400, 1613070000, 0.15122919610386928
Aave-V2, 1613066400, 1613070000, 0.24005865299576387
Compound-V2, 1613062800, 1613066400, 0.1511091421865955
Aave-V2, 1613062800, 1613066400, 0.2598307222458824
Compound-V2, 1613059200, 1613062800, 0.1502228267429184
Aave-V2, 1613059200, 1613062800, 0.37812153931616965
Compound-V2, 1613055600, 1613059200, 0.14724416262475207
Aave-V2, 1613055600, 1613059200, 0.37475188921763947
Compound-V2, 1613052000, 1613055600, 0.14733987311231977
Aave-V2, 1613052000, 1613055600, 0.3771055633155643
Compound-V2, 1613048400, 1613052000, 0.14798781840011144
Aave-V2, 1613048400, 1613052000, 0.3813984571042694
Compound-V2, 1613044800, 1613048400, 0.14917506821327559
Aave-V2, 1613044800, 1613048400, 0.36670202493969806
Compound-V2, 1613041200, 1613044800, 0.14896110616550193
Aave-V2, 1613041200, 1613044800, 0.3603162669769925
Compound-V2, 1613037600, 1613041200, 0.14891323817179664
Aave-V2, 1613037600, 1613041200, 0.3465046446709333
Compound-V2, 1613034000, 1613037600, 0.14865339859385396
Aave-V2, 1613034000, 1613037600, 0.3284928626328701
Compound-V2, 1613030400, 1613034000, 0.1526900208549808
Aave-V2, 1613030400, 1613034000, 0.31776062261628757
Compound-V2, 1613026800, 1613030400, 0.15943240116108998
Aave-V2, 1613026800, 1613030400, 0.295685366924112
Compound-V2, 1613023200, 1613026800, 0.15887906038214425
Aave-V2, 1613023200, 1613026800, 0.28560659819449996
Compound-V2, 1613019600, 1613023200, 0.15872209188320643
Aave-V2, 1613019600, 1613023200, 0.2639597227475239
Compound-V2, 1613016000, 1613019600, 0.1576198443135559
Aave-V2, 1613016000, 1613019600, 0.2692675089180793
Compound-V2, 1613012400, 1613016000, 0.15783148535652777
Aave-V2, 1613012400, 1613016000, 0.2910260755586502
Compound-V2, 1613008800, 1613012400, 0.1587278954568613
Aave-V2, 1613008800, 1613012400, 0.27836874323151994
Compound-V2, 1613005200, 1613008800, 0.15951347059749557
Aave-V2, 1613005200, 1613008800, 0.3551904184136462
Compound-V2, 1613001600, 1613005200, 0.16473906777165995
Aave-V2, 1613001600, 1613005200, 0.32515724514349575
Compound-V2, 1612998000, 1613001600, 0.1650503298429363
Aave-V2, 1612998000, 1613001600, 0.3370570269080539
Compound-V2, 1612994400, 1612998000, 0.16503708356284513
Aave-V2, 1612994400, 1612998000, 0.34206323197458705
Compound-V2, 1612990800, 1612994400, 0.16553607903129613
Aave-V2, 1612990800, 1612994400, 0.3570484165954891
Compound-V2, 1612987200, 1612990800, 0.16540197561003406
Aave-V2, 1612987200, 1612990800, 0.3702626140555008
Compound-V2, 1612983600, 1612987200, 0.16553375447813953
Aave-V2, 1612983600, 1612987200, 0.351098343971509
Compound-V2, 1612980000, 1612983600, 0.16548473957666118
Aave-V2, 1612980000, 1612983600, 0.364438890931324
Compound-V2, 1612976400, 1612980000, 0.16544646732490717
Aave-V2, 1612976400, 1612980000, 0.3443261493686307
Compound-V2, 1612972800, 1612976400, 0.16572229545196124
Aave-V2, 1612972800, 1612976400, 0.3045203854808736
Compound-V2, 1612969200, 1612972800, 0.1657109937220158
Aave-V2, 1612969200, 1612972800, 0.3136478262546327
Compound-V2, 1612965600, 1612969200, 0.16581168236196048
Aave-V2, 1612965600, 1612969200, 0.3198856301053022
Compound-V2, 1612962000, 1612965600, 0.16610922028164632
Aave-V2, 1612962000, 1612965600, 0.3122212763354716
Compound-V2, 1612958400, 1612962000, 0.16594186051622334
Aave-V2, 1612958400, 1612962000, 0.32874266860435636
Compound-V2, 1612954800, 1612958400, 0.1662259568068285
Aave-V2, 1612954800, 1612958400, 0.35850734191863437
Compound-V2, 1612951200, 1612954800, 0.16542357451374087
Aave-V2, 1612951200, 1612954800, 0.35661037063493817
Compound-V2, 1612947600, 1612951200, 0.16408770874759668
Aave-V2, 1612947600, 1612951200, 0.3605231667356836
Compound-V2, 1612944000, 1612947600, 0.1642483716627769
Aave-V2, 1612944000, 1612947600, 0.3438582793822336
Compound-V2, 1612940400, 1612944000, 0.1642632576812477
Aave-V2, 1612940400, 1612944000, 0.33894322743521793
Compound-V2, 1612936800, 1612940400, 0.16434373533262767
Aave-V2, 1612936800, 1612940400, 0.329507840383102
Compound-V2, 1612933200, 1612936800, 0.164992775995649
Aave-V2, 1612933200, 1612936800, 0.280182686536581
Compound-V2, 1612929600, 1612933200, 0.1661073868012248
Aave-V2, 1612929600, 1612933200, 0.23238575117658916
Compound-V2, 1612926000, 1612929600, 0.1661802666830862
Aave-V2, 1612926000, 1612929600, 0.22259046227855558
Compound-V2, 1612922400, 1612926000, 0.16597675175748094
Aave-V2, 1612922400, 1612926000, 0.2038370609751669
Compound-V2, 1612918800, 1612922400, 0.16602340455189107
Aave-V2, 1612918800, 1612922400, 0.19036488050842518
Compound-V2, 1612915200, 1612918800, 0.16599922657703142
Aave-V2, 1612915200, 1612918800, 0.1749785285195089
Compound-V2, 1612911600, 1612915200, 0.1660332331741654
Aave-V2, 1612911600, 1612915200, 0.17182772639675772
Compound-V2, 1612908000, 1612911600, 0.14890465075923448
Aave-V2, 1612908000, 1612911600, 0.19136752369655033
Compound-V2, 1612904400, 1612908000, 0.14224345519000728
Aave-V2, 1612904400, 1612908000, 0.2009006140258554
Compound-V2, 1612900800, 1612904400, 0.1433722189534215
Aave-V2, 1612900800, 1612904400, 0.21206117754751483
Compound-V2, 1612897200, 1612900800, 0.14328178859374016
Aave-V2, 1612897200, 1612900800, 0.21334159144772638
Compound-V2, 1612893600, 1612897200, 0.14370969541579226
Aave-V2, 1612893600, 1612897200, 0.21735809380805698
Compound-V2, 1612890000, 1612893600, 0.14335406426602385
Aave-V2, 1612890000, 1612893600, 0.23362988171318
Compound-V2, 1612886400, 1612890000, 0.14334476547645594
Aave-V2, 1612886400, 1612890000, 0.24123693711833535
Compound-V2, 1612882800, 1612886400, 0.14329721098002332
Aave-V2, 1612882800, 1612886400, 0.24540845118665386
Compound-V2, 1612879200, 1612882800, 0.14387219208450905
Aave-V2, 1612879200, 1612882800, 0.24504305153347766
Compound-V2, 1612875600, 1612879200, 0.14377298979069933
Aave-V2, 1612875600, 1612879200, 0.25336770047234036
Compound-V2, 1612872000, 1612875600, 0.14346216012664006
Aave-V2, 1612872000, 1612875600, 0.2674693120397202
Compound-V2, 1612868400, 1612872000, 0.14312471726336953
Aave-V2, 1612868400, 1612872000, 0.25620112680069435
Compound-V2, 1612864800, 1612868400, 0.1429609427743886
Aave-V2, 1612864800, 1612868400, 0.2621504312600912
Compound-V2, 1612861200, 1612864800, 0.14318306666448324
Aave-V2, 1612861200, 1612864800, 0.26285065576516403
Compound-V2, 1612857600, 1612861200, 0.1447064685898569
Aave-V2, 1612857600, 1612861200, 0.22656802008556298
Compound-V2, 1612854000, 1612857600, 0.14230056788453588
Aave-V2, 1612854000, 1612857600, 0.2085897402210321
Compound-V2, 1612850400, 1612854000, 0.14195325837522918
Aave-V2, 1612850400, 1612854000, 0.19662079966196655
Compound-V2, 1612846800, 1612850400, 0.14233834860797398
Aave-V2, 1612846800, 1612850400, 0.1583129788946388
Compound-V2, 1612843200, 1612846800, 0.14233707681917018
Aave-V2, 1612843200, 1612846800, 0.10774597351508
Compound-V2, 1612839600, 1612843200, 0.1421954868456427
Aave-V2, 1612839600, 1612843200, 0.10686932090547331
Compound-V2, 1612836000, 1612839600, 0.1413994836323596
Aave-V2, 1612836000, 1612839600, 0.18660554727212733
Compound-V2, 1612832400, 1612836000, 0.13905029979535094
Aave-V2, 1612832400, 1612836000, 0.22401342825180923
Compound-V2, 1612828800, 1612832400, 0.13035697825787593
Aave-V2, 1612828800, 1612832400, 0.2403882060751434
Compound-V2, 1612825200, 1612828800, 0.1278787304619614
Aave-V2, 1612825200, 1612828800, 0.17901832388540997
Compound-V2, 1612821600, 1612825200, 0.12796457557180216
Aave-V2, 1612821600, 1612825200, 0.26339367852794887
Compound-V2, 1612818000, 1612821600, 0.14602041533131735
Aave-V2, 1612818000, 1612821600, 0.29473878406502585
Compound-V2, 1612814400, 1612818000, 0.15215465152164645
Aave-V2, 1612814400, 1612818000, 0.2897598728980331
Compound-V2, 1612810800, 1612814400, 0.14924265595185077
Aave-V2, 1612810800, 1612814400, 0.29752353732390624
Compound-V2, 1612807200, 1612810800, 0.1468115864494266
Aave-V2, 1612807200, 1612810800, 0.2901991380866099
Compound-V2, 1612803600, 1612807200, 0.1461271652525301
Aave-V2, 1612803600, 1612807200, 0.31017560914968256
Compound-V2, 1612800000, 1612803600, 0.14534558511542287
Aave-V2, 1612800000, 1612803600, 0.2270549503897465
Compound-V2, 1612796400, 1612800000, 0.14523123696246207
Aave-V2, 1612796400, 1612800000, 0.20895039112835825
Compound-V2, 1612792800, 1612796400, 0.14550200527174229
Aave-V2, 1612792800, 1612796400, 0.20722334986790508
Compound-V2, 1612789200, 1612792800, 0.1438594287300035
Aave-V2, 1612789200, 1612792800, 0.21696254918559119
Compound-V2, 1612785600, 1612789200, 0.1462006597381581
Aave-V2, 1612785600, 1612789200, 0.1917069909424119
Compound-V2, 1612782000, 1612785600, 0.14697213289088443
Aave-V2, 1612782000, 1612785600, 0.17654104557233974
Compound-V2, 1612778400, 1612782000, 0.1469604247901002
Aave-V2, 1612778400, 1612782000, 0.15971361148491825
Compound-V2, 1612774800, 1612778400, 0.14688064668776885
Aave-V2, 1612774800, 1612778400, 0.16078124258460255
Compound-V2, 1612771200, 1612774800, 0.1466932317438675
Aave-V2, 1612771200, 1612774800, 0.15949821029712438
Compound-V2, 1612767600, 1612771200, 0.14740062141944907
Aave-V2, 1612767600, 1612771200, 0.1257649404326216
Compound-V2, 1612764000, 1612767600, 0.14869303114451793
Aave-V2, 1612764000, 1612767600, 0.07634839216768179
Compound-V2, 1612760400, 1612764000, 0.1495673419439899
Aave-V2, 1612760400, 1612764000, 0.07105949616246489
Compound-V2, 1612756800, 1612760400, 0.1494573146332487
Aave-V2, 1612756800, 1612760400, 0.07927795708008775
Compound-V2, 1612753200, 1612756800, 0.15043505955056335
Aave-V2, 1612753200, 1612756800, 0.04569574772183033
Compound-V2, 1612749600, 1612753200, 0.1496804281404846
Aave-V2, 1612749600, 1612753200, 0.04321609563293901
Compound-V2, 1612746000, 1612749600, 0.14969325173802117
Aave-V2, 1612746000, 1612749600, 0.04335352965384971
Compound-V2, 1612742400, 1612746000, 0.14951387858737406
Aave-V2, 1612742400, 1612746000, 0.054526671033045856
Compound-V2, 1612738800, 1612742400, 0.1494733899345354
Aave-V2, 1612738800, 1612742400, 0.060471768394118317
Compound-V2, 1612735200, 1612738800, 0.1491766166606043
Aave-V2, 1612735200, 1612738800, 0.06068692206161957
Compound-V2, 1612731600, 1612735200, 0.1492844406215424
Aave-V2, 1612731600, 1612735200, 0.0560385140045508
Compound-V2, 1612728000, 1612731600, 0.15089972043744443
Aave-V2, 1612728000, 1612731600, 0.0509579104873819
Compound-V2, 1612724400, 1612728000, 0.15292907822427942
Aave-V2, 1612724400, 1612728000, 0.042299994040322995
Compound-V2, 1612720800, 1612724400, 0.1526614220654552
Aave-V2, 1612720800, 1612724400, 0.039831297616632906
Compound-V2, 1612717200, 1612720800, 0.15382828567495388
Aave-V2, 1612717200, 1612720800, 0.03965346166205315
Compound-V2, 1612713600, 1612717200, 0.1541834596935861
Aave-V2, 1612713600, 1612717200, 0.03934586622323094
Compound-V2, 1612710000, 1612713600, 0.154324987663882
Aave-V2, 1612710000, 1612713600, 0.07811736302368955
Compound-V2, 1612706400, 1612710000, 0.1548628192319636
Aave-V2, 1612706400, 1612710000, 0.08878208542912876
Compound-V2, 1612702800, 1612706400, 0.1563784263706044
Aave-V2, 1612702800, 1612706400, 0.0790699634713908
Compound-V2, 1612699200, 1612702800, 0.15773622029684778
Aave-V2, 1612699200, 1612702800, 0.07506574844704794
Compound-V2, 1612695600, 1612699200, 0.1583410829110939
Aave-V2, 1612695600, 1612699200, 0.06986477256513397
Compound-V2, 1612692000, 1612695600, 0.1592587787923725
Aave-V2, 1612692000, 1612695600, 0.06903515970113254
Compound-V2, 1612688400, 1612692000, 0.15833263466792408
Aave-V2, 1612688400, 1612692000, 0.06827452362168583
Compound-V2, 1612684800, 1612688400, 0.15690588462070337
Aave-V2, 1612684800, 1612688400, 0.06152055008228113
Compound-V2, 1612681200, 1612684800, 0.15030611890474377
Aave-V2, 1612681200, 1612684800, 0.04322648153847201
Compound-V2, 1612677600, 1612681200, 0.1521269975351124
Aave-V2, 1612677600, 1612681200, 0.03946142442423851
Compound-V2, 1612674000, 1612677600, 0.14029048879256079
Aave-V2, 1612674000, 1612677600, 0.03965641508772305
Compound-V2, 1612670400, 1612674000, 0.13579615982865006
Aave-V2, 1612670400, 1612674000, 0.039618703464192724
Compound-V2, 1612666800, 1612670400, 0.13595068209154776
Aave-V2, 1612666800, 1612670400, 0.03950146349623565
Compound-V2, 1612663200, 1612666800, 0.13585377765778878
Aave-V2, 1612663200, 1612666800, 0.039496271144408124
Compound-V2, 1612659600, 1612663200, 0.13583752668539018
Aave-V2, 1612659600, 1612663200, 0.03967792719302354
Compound-V2, 1612656000, 1612659600, 0.13576722054665025
Aave-V2, 1612656000, 1612659600, 0.04744653894657105
Compound-V2, 1612652400, 1612656000, 0.13530829947022505
Aave-V2, 1612652400, 1612656000, 0.042081384239633514
Compound-V2, 1612648800, 1612652400, 0.135058432304127
Aave-V2, 1612648800, 1612652400, 0.04499111377438804
Compound-V2, 1612645200, 1612648800, 0.13510166616885916
Aave-V2, 1612645200, 1612648800, 0.04002856400843446
Compound-V2, 1612641600, 1612645200, 0.13461934306699874
Aave-V2, 1612641600, 1612645200, 0.04051878273094876
Compound-V2, 1612638000, 1612641600, 0.1355804836431376
Aave-V2, 1612638000, 1612641600, 0.06148494846880388
Compound-V2, 1612634400, 1612638000, 0.13607171556203226
Aave-V2, 1612634400, 1612638000, 0.05073463619037741
Compound-V2, 1612630800, 1612634400, 0.13602390388382943
Aave-V2, 1612630800, 1612634400, 0.03982919432175073
Compound-V2, 1612627200, 1612630800, 0.13586692870448075
Aave-V2, 1612627200, 1612630800, 0.039687603849955636
Compound-V2, 1612623600, 1612627200, 0.13565481950839742
Aave-V2, 1612623600, 1612627200, 0.11629304787737577
Compound-V2, 1612620000, 1612623600, 0.13536642633018536
Aave-V2, 1612620000, 1612623600, 0.12220793077840317
Compound-V2, 1612616400, 1612620000, 0.13511911764938986
Aave-V2, 1612616400, 1612620000, 0.12164537541870171
Compound-V2, 1612612800, 1612616400, 0.13516031698394973
Aave-V2, 1612612800, 1612616400, 0.10310965333319973
Compound-V2, 1612609200, 1612612800, 0.13548322452302067
Aave-V2, 1612609200, 1612612800, 0.09105108208002116
Compound-V2, 1612605600, 1612609200, 0.1349274598458594
Aave-V2, 1612605600, 1612609200, 0.1079226871198713
Compound-V2, 1612602000, 1612605600, 0.13542615479393277
Aave-V2, 1612602000, 1612605600, 0.1333389255782045
Compound-V2, 1612598400, 1612602000, 0.13614011796346745
Aave-V2, 1612598400, 1612602000, 0.17842710667981707
Compound-V2, 1612594800, 1612598400, 0.13695515647655865
Aave-V2, 1612594800, 1612598400, 0.17859352224930938
Compound-V2, 1612591200, 1612594800, 0.1370140964077767
Aave-V2, 1612591200, 1612594800, 0.1739866696451182
Compound-V2, 1612587600, 1612591200, 0.13674570241493308
Aave-V2, 1612587600, 1612591200, 0.17425923394796794
Compound-V2, 1612584000, 1612587600, 0.13666622857354102
Aave-V2, 1612584000, 1612587600, 0.18741888132460952
Compound-V2, 1612580400, 1612584000, 0.13708636839561777
Aave-V2, 1612580400, 1612584000, 0.18000887823458483
Compound-V2, 1612576800, 1612580400, 0.13695317818833766
Aave-V2, 1612576800, 1612580400, 0.1679180491970331
Compound-V2, 1612573200, 1612576800, 0.13806976043724561
Aave-V2, 1612573200, 1612576800, 0.1827392490754744
Compound-V2, 1612569600, 1612573200, 0.13639386365305256
Aave-V2, 1612569600, 1612573200, 0.20358512998623435
Compound-V2, 1612566000, 1612569600, 0.1358310754171226
Aave-V2, 1612566000, 1612569600, 0.19004893109806195
Compound-V2, 1612562400, 1612566000, 0.13202560043803807
Aave-V2, 1612562400, 1612566000, 0.20211208945131331
Compound-V2, 1612558800, 1612562400, 0.11968454300989204
Aave-V2, 1612558800, 1612562400, 0.1781410696719612
Compound-V2, 1612555200, 1612558800, 0.1184384344845228
Aave-V2, 1612555200, 1612558800, 0.17594702856591626
Compound-V2, 1612551600, 1612555200, 0.11833126938374104
Aave-V2, 1612551600, 1612555200, 0.16398333374198504
Compound-V2, 1612548000, 1612551600, 0.11794575145435063
Aave-V2, 1612548000, 1612551600, 0.18349690201984978
Compound-V2, 1612544400, 1612548000, 0.11737524572401548
Aave-V2, 1612544400, 1612548000, 0.20708414437543202
Compound-V2, 1612540800, 1612544400, 0.11725954289455193
Aave-V2, 1612540800, 1612544400, 0.22968235163524509
Compound-V2, 1612537200, 1612540800, 0.11748078451798251
Aave-V2, 1612537200, 1612540800, 0.2528570823239041
Compound-V2, 1612533600, 1612537200, 0.11820545053504933
Aave-V2, 1612533600, 1612537200, 0.2671644594836848
Compound-V2, 1612530000, 1612533600, 0.11789587043002635
Aave-V2, 1612530000, 1612533600, 0.2563026530754127
Compound-V2, 1612526400, 1612530000, 0.11784304501619548
Aave-V2, 1612526400, 1612530000, 0.22607509931898756
Compound-V2, 1612522800, 1612526400, 0.11787760594079093
Aave-V2, 1612522800, 1612526400, 0.22520053856379346
Compound-V2, 1612519200, 1612522800, 0.11809553425845785
Aave-V2, 1612519200, 1612522800, 0.2331550388166363
Compound-V2, 1612515600, 1612519200, 0.11800741817265661
Aave-V2, 1612515600, 1612519200, 0.24314095680479117
Compound-V2, 1612512000, 1612515600, 0.11816076418693058
Aave-V2, 1612512000, 1612515600, 0.2526786861275022
Compound-V2, 1612508400, 1612512000, 0.11812233763188401
Aave-V2, 1612508400, 1612512000, 0.25299453869447225
Compound-V2, 1612504800, 1612508400, 0.11800386083667458
Aave-V2, 1612504800, 1612508400, 0.21906290831084912
Compound-V2, 1612501200, 1612504800, 0.11820655728559494
Aave-V2, 1612501200, 1612504800, 0.21905792429832222
Compound-V2, 1612497600, 1612501200, 0.11817939570280096
Aave-V2, 1612497600, 1612501200, 0.21771152522282636
Compound-V2, 1612494000, 1612497600, 0.11927924483207267
Aave-V2, 1612494000, 1612497600, 0.2027282825639684
Compound-V2, 1612490400, 1612494000, 0.12701510136883237
Aave-V2, 1612490400, 1612494000, 0.18628623420736481
Compound-V2, 1612486800, 1612490400, 0.11930745029545399
Aave-V2, 1612486800, 1612490400, 0.18900073793858546
Compound-V2, 1612483200, 1612486800, 0.11964005741816444
Aave-V2, 1612483200, 1612486800, 0.18434805242219388
Compound-V2, 1612479600, 1612483200, 0.11939767985415776
Aave-V2, 1612479600, 1612483200, 0.1867940382348942
Compound-V2, 1612476000, 1612479600, 0.11927308502341655
Aave-V2, 1612476000, 1612479600, 0.18373772327632604
Compound-V2, 1612472400, 1612476000, 0.11988114535728193
Aave-V2, 1612472400, 1612476000, 0.19890740192098535
Compound-V2, 1612468800, 1612472400, 0.1203266426473635
Aave-V2, 1612468800, 1612472400, 0.16354407621510517
Compound-V2, 1612465200, 1612468800, 0.12156187074916598
Aave-V2, 1612465200, 1612468800, 0.14120330754636706
Compound-V2, 1612461600, 1612465200, 0.1215198298931895
Aave-V2, 1612461600, 1612465200, 0.14359310591122698
Compound-V2, 1612458000, 1612461600, 0.12108983611700962
Aave-V2, 1612458000, 1612461600, 0.12186106665945678
Compound-V2, 1612454400, 1612458000, 0.12112014028573845
Aave-V2, 1612454400, 1612458000, 0.10980322970293331
Compound-V2, 1612450800, 1612454400, 0.11944317256535068
Aave-V2, 1612450800, 1612454400, 0.11462783636219194
Compound-V2, 1612447200, 1612450800, 0.11926010894204449
Aave-V2, 1612447200, 1612450800, 0.12775703832117977
Compound-V2, 1612443600, 1612447200, 0.1192490690918959
Aave-V2, 1612443600, 1612447200, 0.11421020989097959
Compound-V2, 1612440000, 1612443600, 0.11914681110903978
Aave-V2, 1612440000, 1612443600, 0.11429830700034224
Compound-V2, 1612436400, 1612440000, 0.11945630880449364
Aave-V2, 1612436400, 1612440000, 0.1013487467586417
Compound-V2, 1612432800, 1612436400, 0.11958422754507914
Aave-V2, 1612432800, 1612436400, 0.08250881763138995
Compound-V2, 1612429200, 1612432800, 0.11933138104158672
Aave-V2, 1612429200, 1612432800, 0.0784204608297864
Compound-V2, 1612425600, 1612429200, 0.1167066322052825
Aave-V2, 1612425600, 1612429200, 0.10745487130721044
Compound-V2, 1612422000, 1612425600, 0.1150422587860934
Aave-V2, 1612422000, 1612425600, 0.09095648286021527
Compound-V2, 1612418400, 1612422000, 0.11300742742160072
Aave-V2, 1612418400, 1612422000, 0.03938123552768754
Compound-V2, 1612414800, 1612418400, 0.11084139575638789
Aave-V2, 1612414800, 1612418400, 0.03869069829023816
Compound-V2, 1612411200, 1612414800, 0.11071356696862285
Aave-V2, 1612411200, 1612414800, 0.03804798452207344
Compound-V2, 1612407600, 1612411200, 0.11082561813677072
Aave-V2, 1612407600, 1612411200, 0.1488392590795432
Compound-V2, 1612404000, 1612407600, 0.11108285797110982
Aave-V2, 1612404000, 1612407600, 0.19777940338332314
Compound-V2, 1612400400, 1612404000, 0.11092948009868127
Aave-V2, 1612400400, 1612404000, 0.1944365078096413
Compound-V2, 1612396800, 1612400400, 0.10924391072530507
Aave-V2, 1612396800, 1612400400, 0.21887162996857756
Compound-V2, 1612393200, 1612396800, 0.1068226494780823
Aave-V2, 1612393200, 1612396800, 0.1997720436118109
Compound-V2, 1612389600, 1612393200, 0.10666961058400654
Aave-V2, 1612389600, 1612393200, 0.20093796532751787
Compound-V2, 1612386000, 1612389600, 0.10595876438993321
Aave-V2, 1612386000, 1612389600, 0.2032622717017774
Compound-V2, 1612382400, 1612386000, 0.10559021880874528
Aave-V2, 1612382400, 1612386000, 0.24201430887151826
Compound-V2, 1612378800, 1612382400, 0.10536001348483641
Aave-V2, 1612378800, 1612382400, 0.2549974624240082
Compound-V2, 1612375200, 1612378800, 0.1058975146351946
Aave-V2, 1612375200, 1612378800, 0.26051384904847236
Compound-V2, 1612371600, 1612375200, 0.10588654591090023
Aave-V2, 1612371600, 1612375200, 0.2525843892915758
Compound-V2, 1612368000, 1612371600, 0.1052732083026228
Aave-V2, 1612368000, 1612371600, 0.2508241872401353
Compound-V2, 1612364400, 1612368000, 0.10470346558957185
Aave-V2, 1612364400, 1612368000, 0.24282956312419168
Compound-V2, 1612360800, 1612364400, 0.10458972566332975
Aave-V2, 1612360800, 1612364400, 0.24063266000993155
Compound-V2, 1612357200, 1612360800, 0.10511190044187081
Aave-V2, 1612357200, 1612360800, 0.2415781977684645
Compound-V2, 1612353600, 1612357200, 0.10502023726834007
Aave-V2, 1612353600, 1612357200, 0.24057665785025903
Compound-V2, 1612350000, 1612353600, 0.10494490782786114
Aave-V2, 1612350000, 1612353600, 0.2696080899237844
Compound-V2, 1612346400, 1612350000, 0.10496318903217108
Aave-V2, 1612346400, 1612350000, 0.27458987626182024
Compound-V2, 1612342800, 1612346400, 0.10504938249708319
Aave-V2, 1612342800, 1612346400, 0.2691832903368287
Compound-V2, 1612339200, 1612342800, 0.10499669889306805
Aave-V2, 1612339200, 1612342800, 0.30109591176719513
Compound-V2, 1612335600, 1612339200, 0.10478379387642926
Aave-V2, 1612335600, 1612339200, 0.25190950484828456
Compound-V2, 1612332000, 1612335600, 0.10537674787429731
Aave-V2, 1612332000, 1612335600, 0.24669293997629171
Compound-V2, 1612328400, 1612332000, 0.10556489558593017
Aave-V2, 1612328400, 1612332000, 0.2327912387772073
Compound-V2, 1612324800, 1612328400, 0.10593326726050127
Aave-V2, 1612324800, 1612328400, 0.2213397923165257
Compound-V2, 1612321200, 1612324800, 0.10773502083912918
Aave-V2, 1612321200, 1612324800, 0.21168752595108728
Compound-V2, 1612317600, 1612321200, 0.10789010368292834
Aave-V2, 1612317600, 1612321200, 0.22216599394086636
Compound-V2, 1612314000, 1612317600, 0.10773417349714778
Aave-V2, 1612314000, 1612317600, 0.2453902307891519
Compound-V2, 1612310400, 1612314000, 0.10776104963036234
Aave-V2, 1612310400, 1612314000, 0.24338064048124755
Compound-V2, 1612306800, 1612310400, 0.10771006114112512
Aave-V2, 1612306800, 1612310400, 0.24386340683870383
Compound-V2, 1612303200, 1612306800, 0.10765663263930556
Aave-V2, 1612303200, 1612306800, 0.28956402898638756
Compound-V2, 1612299600, 1612303200, 0.10769878059058022
Aave-V2, 1612299600, 1612303200, 0.30230694288348703
Compound-V2, 1612296000, 1612299600, 0.10770201837817196
Aave-V2, 1612296000, 1612299600, 0.29842122191459125
Compound-V2, 1612292400, 1612296000, 0.10764177023319894
Aave-V2, 1612292400, 1612296000, 0.31960887626870094
Compound-V2, 1612288800, 1612292400, 0.10781793708781248
Aave-V2, 1612288800, 1612292400, 0.3199767422653512
Compound-V2, 1612285200, 1612288800, 0.10749717351392059
Aave-V2, 1612285200, 1612288800, 0.32377470515306445
Compound-V2, 1612281600, 1612285200, 0.10778639739232436
Aave-V2, 1612281600, 1612285200, 0.3137025690965718
Compound-V2, 1612278000, 1612281600, 0.10783101247874335
Aave-V2, 1612278000, 1612281600, 0.3038552117036857
Compound-V2, 1612274400, 1612278000, 0.10498236600230096
Aave-V2, 1612274400, 1612278000, 0.30676499757118886
Compound-V2, 1612270800, 1612274400, 0.10497204524543044
Aave-V2, 1612270800, 1612274400, 0.3411350022339744
Compound-V2, 1612267200, 1612270800, 0.10498228919749103
Aave-V2, 1612267200, 1612270800, 0.34150444270072555
Compound-V2, 1612263600, 1612267200, 0.10436464675164306
Aave-V2, 1612263600, 1612267200, 0.3625767430283689
Compound-V2, 1612260000, 1612263600, 0.10423844629398937
Aave-V2, 1612260000, 1612263600, 0.3879491113480783
Compound-V2, 1612256400, 1612260000, 0.1027699321507595
Aave-V2, 1612256400, 1612260000, 0.40601000260123865
Compound-V2, 1612252800, 1612256400, 0.10213511988552304
Aave-V2, 1612252800, 1612256400, 0.39514135844753545
Compound-V2, 1612249200, 1612252800, 0.10199154131063409
Aave-V2, 1612249200, 1612252800, 0.3954053214475974
Compound-V2, 1612245600, 1612249200, 0.1019643411136875
Aave-V2, 1612245600, 1612249200, 0.400277867922246
Compound-V2, 1612242000, 1612245600, 0.10054991872478396
Aave-V2, 1612242000, 1612245600, 0.43642641062070386
Compound-V2, 1612238400, 1612242000, 0.10031665342797198
Aave-V2, 1612238400, 1612242000, 0.12042896894267649
Compound-V2, 1612234800, 1612238400, 0.10024360362294898
Aave-V2, 1612234800, 1612238400, 0.0944178006530713
Compound-V2, 1612231200, 1612234800, 0.10031813808685958
Aave-V2, 1612231200, 1612234800, 0.09825310697916563
Compound-V2, 1612227600, 1612231200, 0.10005146509822016
Aave-V2, 1612227600, 1612231200, 0.1389472455730935
Compound-V2, 1612224000, 1612227600, 0.10113341567569692
Aave-V2, 1612224000, 1612227600, 0.14911774370775713
Compound-V2, 1612220400, 1612224000, 0.09733061626029063
Aave-V2, 1612220400, 1612224000, 0.14356551909760715
Compound-V2, 1612216800, 1612220400, 0.09594158366147604
Aave-V2, 1612216800, 1612220400, 0.14543662317155007
Compound-V2, 1612213200, 1612216800, 0.09530882473010484
Aave-V2, 1612213200, 1612216800, 0.14773602714950557
Compound-V2, 1612209600, 1612213200, 0.09521913252527968
Aave-V2, 1612209600, 1612213200, 0.14737432643276416
Compound-V2, 1612206000, 1612209600, 0.09428918518457628
Aave-V2, 1612206000, 1612209600, 0.14629429379849299
Compound-V2, 1612202400, 1612206000, 0.0938905568830698
Aave-V2, 1612202400, 1612206000, 0.13972680411233862
Compound-V2, 1612198800, 1612202400, 0.09380101795898015
Aave-V2, 1612198800, 1612202400, 0.13620981851146075
Compound-V2, 1612195200, 1612198800, 0.09479323128628216
Aave-V2, 1612195200, 1612198800, 0.1270861733486283
Compound-V2, 1612191600, 1612195200, 0.09258596254843396
Aave-V2, 1612191600, 1612195200, 0.12057091952099823
Compound-V2, 1612188000, 1612191600, 0.09010987940289443
Aave-V2, 1612188000, 1612191600, 0.12217492067023526
Compound-V2, 1612184400, 1612188000, 0.0908529589466354
Aave-V2, 1612184400, 1612188000, 0.12932021452847361
Compound-V2, 1612180800, 1612184400, 0.08992938899478506
Aave-V2, 1612180800, 1612184400, 0.05609112707762783
Compound-V2, 1612177200, 1612180800, 0.09002224539521496
Aave-V2, 1612177200, 1612180800, 0.03894426902196442
Compound-V2, 1612173600, 1612177200, 0.08972370544076713
Aave-V2, 1612173600, 1612177200, 0.039134978485916704
Compound-V2, 1612170000, 1612173600, 0.09564674824851528
Aave-V2, 1612170000, 1612173600, 0.0498376616063058
Compound-V2, 1612166400, 1612170000, 0.09124806476563954
Aave-V2, 1612166400, 1612170000, 0.08188203159060481
Compound-V2, 1612162800, 1612166400, 0.0884944836577491
Aave-V2, 1612162800, 1612166400, 0.08557126327406094
Compound-V2, 1612159200, 1612162800, 0.08833215728121434
Aave-V2, 1612159200, 1612162800, 0.1150607750862423
Compound-V2, 1612155600, 1612159200, 0.08798950103787133
Aave-V2, 1612155600, 1612159200, 0.14514037334030414
Compound-V2, 1612152000, 1612155600, 0.08861000047584536
Aave-V2, 1612152000, 1612155600, 0.20557172688154343
Compound-V2, 1612148400, 1612152000, 0.08860296027129713
Aave-V2, 1612148400, 1612152000, 0.15332549802424833
Compound-V2, 1612144800, 1612148400, 0.0890988915620977
Aave-V2, 1612144800, 1612148400, 0.057591997645429986
Compound-V2, 1612141200, 1612144800, 0.08932340537439501
Aave-V2, 1612141200, 1612144800, 0.051012478823140556
Compound-V2, 1612137600, 1612141200, 0.08929107037363049
Aave-V2, 1612137600, 1612141200, 0.1164280694500794
Compound-V2, 1612134000, 1612137600, 0.08831107063977328
Aave-V2, 1612134000, 1612137600, 0.20758115598743657
Compound-V2, 1612130400, 1612134000, 0.08974797925783369
Aave-V2, 1612130400, 1612134000, 0.21544214796235867
Compound-V2, 1612126800, 1612130400, 0.09238957215797602
Aave-V2, 1612126800, 1612130400, 0.22117413640228575
Compound-V2, 1612123200, 1612126800, 0.09200121366414482
Aave-V2, 1612123200, 1612126800, 0.2005167195630196
Compound-V2, 1612119600, 1612123200, 0.08967775074979428
Aave-V2, 1612119600, 1612123200, 0.19130394967708775
Compound-V2, 1612116000, 1612119600, 0.08873364356095018
Aave-V2, 1612116000, 1612119600, 0.18858294221416297
Compound-V2, 1612112400, 1612116000, 0.08804205761118905
Aave-V2, 1612112400, 1612116000, 0.200848807607398
Compound-V2, 1612108800, 1612112400, 0.08620653084485579
Aave-V2, 1612108800, 1612112400, 0.19683936142101954
Compound-V2, 1612105200, 1612108800, 0.08723061260409716
Aave-V2, 1612105200, 1612108800, 0.20861868227527205
Compound-V2, 1612101600, 1612105200, 0.08620955262791058
Aave-V2, 1612101600, 1612105200, 0.23325713996343572
Compound-V2, 1612098000, 1612101600, 0.08609011665021529
Aave-V2, 1612098000, 1612101600, 0.2549103333947537
Compound-V2, 1612094400, 1612098000, 0.08592069571862836
Aave-V2, 1612094400, 1612098000, 0.25037368765411383
Compound-V2, 1612090800, 1612094400, 0.08532941828822511
Aave-V2, 1612090800, 1612094400, 0.25059458316968564
Compound-V2, 1612087200, 1612090800, 0.08513068773303968
Aave-V2, 1612087200, 1612090800, 0.24256614539775645
Compound-V2, 1612083600, 1612087200, 0.08471271014413141
Aave-V2, 1612083600, 1612087200, 0.23516823843491164
Compound-V2, 1612080000, 1612083600, 0.08392320732149214
Aave-V2, 1612080000, 1612083600, 0.22296783705748952
Compound-V2, 1612076400, 1612080000, 0.08385833974170201
Aave-V2, 1612076400, 1612080000, 0.2305159995158977
Compound-V2, 1612072800, 1612076400, 0.08677602456092261
Aave-V2, 1612072800, 1612076400, 0.22680355303172403
Compound-V2, 1612069200, 1612072800, 0.08745038075771766
Aave-V2, 1612069200, 1612072800, 0.2233455387769821
Compound-V2, 1612065600, 1612069200, 0.08739486805743554
Aave-V2, 1612065600, 1612069200, 0.17988562939715141
Compound-V2, 1612062000, 1612065600, 0.08730505895143365
Aave-V2, 1612062000, 1612065600, 0.17540219820133396
Compound-V2, 1612058400, 1612062000, 0.08728173447599062
Aave-V2, 1612058400, 1612062000, 0.1787919235068707
Compound-V2, 1612054800, 1612058400, 0.0874227249651721
Aave-V2, 1612054800, 1612058400, 0.1847293874495214
Compound-V2, 1612051200, 1612054800, 0.08732649215967753
Aave-V2, 1612051200, 1612054800, 0.20381107689516437
Compound-V2, 1612047600, 1612051200, 0.08796307763477941
Aave-V2, 1612047600, 1612051200, 0.22346888199734116
Compound-V2, 1612044000, 1612047600, 0.08771524586515039
Aave-V2, 1612044000, 1612047600, 0.22684888355946503
Compound-V2, 1612040400, 1612044000, 0.0878497284197311
Aave-V2, 1612040400, 1612044000, 0.22670649454241557
Compound-V2, 1612036800, 1612040400, 0.0884634416091784
Aave-V2, 1612036800, 1612040400, 0.2295232005692244
Compound-V2, 1612033200, 1612036800, 0.0881746793895638
Aave-V2, 1612033200, 1612036800, 0.2266232933039252
Compound-V2, 1612029600, 1612033200, 0.08805069776487476
Aave-V2, 1612029600, 1612033200, 0.22176428885754973
Compound-V2, 1612026000, 1612029600, 0.08798674242470804
Aave-V2, 1612026000, 1612029600, 0.22114959371604972
Compound-V2, 1612022400, 1612026000, 0.08789508840893125
Aave-V2, 1612022400, 1612026000, 0.2227340248900765
Compound-V2, 1612018800, 1612022400, 0.0878119699054915
Aave-V2, 1612018800, 1612022400, 0.2344722551329818
Compound-V2, 1612015200, 1612018800, 0.08838790840211962
Aave-V2, 1612015200, 1612018800, 0.22967799322414698
Compound-V2, 1612011600, 1612015200, 0.08606364730745814
Aave-V2, 1612011600, 1612015200, 0.2124535959467298
Compound-V2, 1612008000, 1612011600, 0.08348541689102001
Aave-V2, 1612008000, 1612011600, 0.17717455048484088
Compound-V2, 1612004400, 1612008000, 0.08503298834236858
Aave-V2, 1612004400, 1612008000, 0.16736816738689786
Compound-V2, 1612000800, 1612004400, 0.08489627861064508
Aave-V2, 1612000800, 1612004400, 0.14814625649225735
Compound-V2, 1611997200, 1612000800, 0.08490796098664592
Aave-V2, 1611997200, 1612000800, 0.15286387104415392
Compound-V2, 1611993600, 1611997200, 0.08472773860623493
Aave-V2, 1611993600, 1611997200, 0.1860444372879461
Compound-V2, 1611990000, 1611993600, 0.08584784997134615
Aave-V2, 1611990000, 1611993600, 0.1926389125151395
Compound-V2, 1611986400, 1611990000, 0.08791191256182568
Aave-V2, 1611986400, 1611990000, 0.20069775647403856
Compound-V2, 1611982800, 1611986400, 0.08821606972516391
Aave-V2, 1611982800, 1611986400, 0.20746458467627152
Compound-V2, 1611979200, 1611982800, 0.08810289289776808
Aave-V2, 1611979200, 1611982800, 0.21847429107835217
Compound-V2, 1611975600, 1611979200, 0.08803530217292405
Aave-V2, 1611975600, 1611979200, 0.22996301958016088
Compound-V2, 1611972000, 1611975600, 0.08875680732902246
Aave-V2, 1611972000, 1611975600, 0.24938726049626467
Compound-V2, 1611968400, 1611972000, 0.08913248336278153
Aave-V2, 1611968400, 1611972000, 0.1589521406219332
Compound-V2, 1611964800, 1611968400, 0.08074615346190175
Aave-V2, 1611964800, 1611968400, 0.08736979914387227
Compound-V2, 1611961200, 1611964800, 0.076834161378727
Aave-V2, 1611961200, 1611964800, 0.06497565782597821
Compound-V2, 1611957600, 1611961200, 0.07661758515899213
Aave-V2, 1611957600, 1611961200, 0.06045975912335275
Compound-V2, 1611954000, 1611957600, 0.07652116450363913
Aave-V2, 1611954000, 1611957600, 0.05899184014263639
Compound-V2, 1611950400, 1611954000, 0.07604729769042852
Aave-V2, 1611950400, 1611954000, 0.05507000511590977
Compound-V2, 1611946800, 1611950400, 0.07602431409247672
Aave-V2, 1611946800, 1611950400, 0.03987395320983584
Compound-V2, 1611943200, 1611946800, 0.07642169211914307
Aave-V2, 1611943200, 1611946800, 0.03996771757394541
Compound-V2, 1611939600, 1611943200, 0.07622804187844552
Aave-V2, 1611939600, 1611943200, 0.03974256460430061
Compound-V2, 1611936000, 1611939600, 0.07564244199033283
Aave-V2, 1611936000, 1611939600, 0.039385678326380534
Compound-V2, 1611932400, 1611936000, 0.07398265119466575
Aave-V2, 1611932400, 1611936000, 0.03933296263924713
Compound-V2, 1611928800, 1611932400, 0.07431686591496625
Aave-V2, 1611928800, 1611932400, 0.039437115173001046
Compound-V2, 1611925200, 1611928800, 0.0727495911607413
Aave-V2, 1611925200, 1611928800, 0.03957714815923104
Compound-V2, 1611921600, 1611925200, 0.07324677919522073
Aave-V2, 1611921600, 1611925200, 0.04591519221934773
Compound-V2, 1611918000, 1611921600, 0.07313535730041265
Aave-V2, 1611918000, 1611921600, 0.040573381242620894
Compound-V2, 1611914400, 1611918000, 0.07286588446779196
Aave-V2, 1611914400, 1611918000, 0.039540168362580355
Compound-V2, 1611910800, 1611914400, 0.07257389935173465
Aave-V2, 1611910800, 1611914400, 0.03951891008546521
Compound-V2, 1611907200, 1611910800, 0.07167793423232852
Aave-V2, 1611907200, 1611910800, 0.03978240197400491
Compound-V2, 1611903600, 1611907200, 0.07157462945646137
Aave-V2, 1611903600, 1611907200, 0.03978134654152712
Compound-V2, 1611900000, 1611903600, 0.07264256619793374
Aave-V2, 1611900000, 1611903600, 0.0397204126559299
Compound-V2, 1611896400, 1611900000, 0.07295644629029993
Aave-V2, 1611896400, 1611900000, 0.0396881931642273
Compound-V2, 1611892800, 1611896400, 0.07129531476285686
Aave-V2, 1611892800, 1611896400, 0.039634609030893934
Compound-V2, 1611889200, 1611892800, 0.07032937243451297
Aave-V2, 1611889200, 1611892800, 0.03977282882354756
Compound-V2, 1611885600, 1611889200, 0.07088773676551138
Aave-V2, 1611885600, 1611889200, 0.03961790828300811
Compound-V2, 1611882000, 1611885600, 0.07045203881015943
Aave-V2, 1611882000, 1611885600, 0.039161142181798086
Compound-V2, 1611878400, 1611882000, 0.06966462777922885
Aave-V2, 1611878400, 1611882000, 0.03914252524402525
Compound-V2, 1611874800, 1611878400, 0.06917096058046976
Aave-V2, 1611874800, 1611878400, 0.12509787514302684
Compound-V2, 1611871200, 1611874800, 0.06872979189645756
Aave-V2, 1611871200, 1611874800, 0.03904207126375976
Compound-V2, 1611867600, 1611871200, 0.06765532589222285
Aave-V2, 1611867600, 1611871200, 0.03903350568543834
Compound-V2, 1611864000, 1611867600, 0.06750201388170696
Aave-V2, 1611864000, 1611867600, 0.038932886815990525
Compound-V2, 1611860400, 1611864000, 0.06835188748369331
Aave-V2, 1611860400, 1611864000, 0.03863272580464181
Compound-V2, 1611856800, 1611860400, 0.06782711359884483
Aave-V2, 1611856800, 1611860400, 0.08897295602849198
Compound-V2, 1611853200, 1611856800, 0.06758273765295142
Aave-V2, 1611853200, 1611856800, 0.19889891238736726
Compound-V2, 1611849600, 1611853200, 0.06750786405567326
Aave-V2, 1611849600, 1611853200, 0.19693789547429708
Compound-V2, 1611846000, 1611849600, 0.06750182108294901
Aave-V2, 1611846000, 1611849600, 0.2074463336911467
Compound-V2, 1611842400, 1611846000, 0.06729018212662655
Aave-V2, 1611842400, 1611846000, 0.03934420372577445
Compound-V2, 1611838800, 1611842400, 0.06713682102632455
Aave-V2, 1611838800, 1611842400, 0.03929999563020366
Compound-V2, 1611835200, 1611838800, 0.06713343723471558
Aave-V2, 1611835200, 1611838800, 0.039312243669670906
Compound-V2, 1611831600, 1611835200, 0.06669456796522966
Aave-V2, 1611831600, 1611835200, 0.039156166006800615
Compound-V2, 1611828000, 1611831600, 0.06705949769354155
Aave-V2, 1611828000, 1611831600, 0.038955112493120954
Compound-V2, 1611824400, 1611828000, 0.06435976992461648
Aave-V2, 1611824400, 1611828000, 0.038939025469349624
Compound-V2, 1611820800, 1611824400, 0.06274052605269052
Aave-V2, 1611820800, 1611824400, 0.038763664769485076
Compound-V2, 1611817200, 1611820800, 0.0622958165453992
Aave-V2, 1611817200, 1611820800, 0.03913129791982627
Compound-V2, 1611813600, 1611817200, 0.06287296685020274
Aave-V2, 1611813600, 1611817200, 0.03913086734512103
Compound-V2, 1611810000, 1611813600, 0.06328344781774571
Aave-V2, 1611810000, 1611813600, 0.03856869704306521
Compound-V2, 1611806400, 1611810000, 0.060755883308688384
Aave-V2, 1611806400, 1611810000, 0.038581115631436555
Compound-V2, 1611802800, 1611806400, 0.06029474056814502
Aave-V2, 1611802800, 1611806400, 0.03929643545747435
Compound-V2, 1611799200, 1611802800, 0.05912359711478437
Aave-V2, 1611799200, 1611802800, 0.04635633197007234
Compound-V2, 1611795600, 1611799200, 0.05649254907933443
Aave-V2, 1611795600, 1611799200, 0.07886241361299023
Compound-V2, 1611792000, 1611795600, 0.05609685034919213
Aave-V2, 1611792000, 1611795600, 0.20789024734442693
Compound-V2, 1611788400, 1611792000, 0.05598149493001125
Aave-V2, 1611788400, 1611792000, 0.1641875213298992
Compound-V2, 1611784800, 1611788400, 0.055876026148083305
Aave-V2, 1611784800, 1611788400, 0.07255512474242279
Compound-V2, 1611781200, 1611784800, 0.05364008270422861
Aave-V2, 1611781200, 1611784800, 0.039830256514930586
Compound-V2, 1611777600, 1611781200, 0.052934889258675545
Aave-V2, 1611777600, 1611781200, 0.03917596992072232
Compound-V2, 1611774000, 1611777600, 0.0530878476446171
Aave-V2, 1611774000, 1611777600, 0.03854257478448503
Compound-V2, 1611770400, 1611774000, 0.05123346645102428
Aave-V2, 1611770400, 1611774000, 0.03928698148995332
Compound-V2, 1611766800, 1611770400, 0.05126795203362855
Aave-V2, 1611766800, 1611770400, 0.041483649602377354
Compound-V2, 1611763200, 1611766800, 0.05154214245469076
Aave-V2, 1611763200, 1611766800, 0.04103333083686607
Compound-V2, 1611759600, 1611763200, 0.05178759024393621
Aave-V2, 1611759600, 1611763200, 0.03966605070177144
Compound-V2, 1611756000, 1611759600, 0.05182620308767874
Aave-V2, 1611756000, 1611759600, 0.044627208504542576
Compound-V2, 1611752400, 1611756000, 0.05379968760136236
Aave-V2, 1611752400, 1611756000, 0.05655360412791366
Compound-V2, 1611748800, 1611752400, 0.055499603099163464
Aave-V2, 1611748800, 1611752400, 0.039832838188587974
Compound-V2, 1611745200, 1611748800, 0.05514169875944159
Aave-V2, 1611745200, 1611748800, 0.09505466143282723
Compound-V2, 1611741600, 1611745200, 0.05266549047934556
Aave-V2, 1611741600, 1611745200, 0.10287066926394903
Compound-V2, 1611738000, 1611741600, 0.052184804481336805
Aave-V2, 1611738000, 1611741600, 0.0980026465519742
Compound-V2, 1611734400, 1611738000, 0.051671063220025654
Aave-V2, 1611734400, 1611738000, 0.09253754630178591
Compound-V2, 1611730800, 1611734400, 0.05279254850573633
Aave-V2, 1611730800, 1611734400, 0.07447890152143656
Compound-V2, 1611727200, 1611730800, 0.05344663436803468
Aave-V2, 1611727200, 1611730800, 0.064301595531126
Compound-V2, 1611723600, 1611727200, 0.053516840445419565
Aave-V2, 1611723600, 1611727200, 0.0713641895600236
Compound-V2, 1611720000, 1611723600, 0.05248272464908949
Aave-V2, 1611720000, 1611723600, 0.08110192470784651
Compound-V2, 1611716400, 1611720000, 0.05183449002475382
Aave-V2, 1611716400, 1611720000, 0.05362395488211095
Compound-V2, 1611712800, 1611716400, 0.051913980072926566
Aave-V2, 1611712800, 1611716400, 0.05380924228868496
Compound-V2, 1611709200, 1611712800, 0.052542555706030426
Aave-V2, 1611709200, 1611712800, 0.0667439869219013
Compound-V2, 1611705600, 1611709200, 0.052353659138530975
Aave-V2, 1611705600, 1611709200, 0.07226890242939508
Compound-V2, 1611702000, 1611705600, 0.051241731467191985
Aave-V2, 1611702000, 1611705600, 0.07540915439256612
Compound-V2, 1611698400, 1611702000, 0.051156606531606835
Aave-V2, 1611698400, 1611702000, 0.07424458660822325
Compound-V2, 1611694800, 1611698400, 0.051390353726279744
Aave-V2, 1611694800, 1611698400, 0.052923343743268556
Compound-V2, 1611691200, 1611694800, 0.053003764785074875
Aave-V2, 1611691200, 1611694800, 0.05769606367728077
Compound-V2, 1611687600, 1611691200, 0.05291805731508981
Aave-V2, 1611687600, 1611691200, 0.06496845084171415
Compound-V2, 1611684000, 1611687600, 0.05336151173590704
Aave-V2, 1611684000, 1611687600, 0.06034728303484099
Compound-V2, 1611680400, 1611684000, 0.05331343779563825
Aave-V2, 1611680400, 1611684000, 0.058454340066279975
Compound-V2, 1611676800, 1611680400, 0.05279360079059531
Aave-V2, 1611676800, 1611680400, 0.061418713812492025
Compound-V2, 1611673200, 1611676800, 0.05267880071160056
Aave-V2, 1611673200, 1611676800, 0.07182806094436416
Compound-V2, 1611669600, 1611673200, 0.05270336271906344
Aave-V2, 1611669600, 1611673200, 0.06721417185780325
Compound-V2, 1611666000, 1611669600, 0.06484248088843414
Aave-V2, 1611666000, 1611669600, 0.054699319867478155
Compound-V2, 1611662400, 1611666000, 0.06787391837357494
Aave-V2, 1611662400, 1611666000, 0.05694324044829025
Compound-V2, 1611658800, 1611662400, 0.0649143498456245
Aave-V2, 1611658800, 1611662400, 0.0792426822183553
Compound-V2, 1611655200, 1611658800, 0.06415838102836921
Aave-V2, 1611655200, 1611658800, 0.0814486855533133
Compound-V2, 1611651600, 1611655200, 0.06427921684995572
Aave-V2, 1611651600, 1611655200, 0.07554039686546073
Compound-V2, 1611648000, 1611651600, 0.06457898046279302
Aave-V2, 1611648000, 1611651600, 0.07046813908939116
Compound-V2, 1611644400, 1611648000, 0.064688381462635
Aave-V2, 1611644400, 1611648000, 0.06237620651642171
Compound-V2, 1611640800, 1611644400, 0.06340629843028665
Aave-V2, 1611640800, 1611644400, 0.04649861028304133
Compound-V2, 1611637200, 1611640800, 0.0640885123781274
Aave-V2, 1611637200, 1611640800, 0.0422764393262013
Compound-V2, 1611633600, 1611637200, 0.06597336158950803
Aave-V2, 1611633600, 1611637200, 0.07182979684917427
Compound-V2, 1611630000, 1611633600, 0.06668943157580498
Aave-V2, 1611630000, 1611633600, 0.1166843367077178
Compound-V2, 1611626400, 1611630000, 0.0658701149539308
Aave-V2, 1611626400, 1611630000, 0.12570609100832417
Compound-V2, 1611622800, 1611626400, 0.06554425796326419
Aave-V2, 1611622800, 1611626400, 0.12373813549332462
Compound-V2, 1611619200, 1611622800, 0.06586004381827182
Aave-V2, 1611619200, 1611622800, 0.13404444531696064
Compound-V2, 1611615600, 1611619200, 0.0661323386896351
Aave-V2, 1611615600, 1611619200, 0.1462316384703811
Compound-V2, 1611612000, 1611615600, 0.06646265121513145
Aave-V2, 1611612000, 1611615600, 0.1371504558236622
Compound-V2, 1611608400, 1611612000, 0.06642273862141176
Aave-V2, 1611608400, 1611612000, 0.14815839600767347
Compound-V2, 1611604800, 1611608400, 0.06513680881582001
Aave-V2, 1611604800, 1611608400, 0.18000198703507372
Compound-V2, 1611601200, 1611604800, 0.06542640347692891
Aave-V2, 1611601200, 1611604800, 0.2004138571723119
Compound-V2, 1611597600, 1611601200, 0.06534994438225504
Aave-V2, 1611597600, 1611601200, 0.2093024848046119
Compound-V2, 1611594000, 1611597600, 0.06545266102544697
Aave-V2, 1611594000, 1611597600, 0.2051770675362369
Compound-V2, 1611590400, 1611594000, 0.06581670218682609
Aave-V2, 1611590400, 1611594000, 0.2094155131842786
Compound-V2, 1611586800, 1611590400, 0.06567392811415149
Aave-V2, 1611586800, 1611590400, 0.22120124918979456
Compound-V2, 1611583200, 1611586800, 0.06530097136009559
Aave-V2, 1611583200, 1611586800, 0.23437750731124357
Compound-V2, 1611579600, 1611583200, 0.06454445788149424
Aave-V2, 1611579600, 1611583200, 0.31586898392485896
Compound-V2, 1611576000, 1611579600, 0.0647481852156213
Aave-V2, 1611576000, 1611579600, 0.3176579592609755
Compound-V2, 1611572400, 1611576000, 0.06730192225557169
Aave-V2, 1611572400, 1611576000, 0.26508363261286627
Compound-V2, 1611568800, 1611572400, 0.06783025084223099
Aave-V2, 1611568800, 1611572400, 0.27182394745260463
Compound-V2, 1611565200, 1611568800, 0.06811943319051789
Aave-V2, 1611565200, 1611568800, 0.269165857881172
Compound-V2, 1611561600, 1611565200, 0.06778031589832575
Aave-V2, 1611561600, 1611565200, 0.2855579221336073
Compound-V2, 1611558000, 1611561600, 0.06798547426255135
Aave-V2, 1611558000, 1611561600, 0.3066302106460584
Compound-V2, 1611554400, 1611558000, 0.06716402978585352
Aave-V2, 1611554400, 1611558000, 0.33259476636638724
Compound-V2, 1611550800, 1611554400, 0.06651791418272927
Aave-V2, 1611550800, 1611554400, 0.3746192725069643
Compound-V2, 1611547200, 1611550800, 0.06644582588698615
Aave-V2, 1611547200, 1611550800, 0.30614941942761537
Compound-V2, 1611543600, 1611547200, 0.06355383649280076
Aave-V2, 1611543600, 1611547200, 0.19004861023394545
Compound-V2, 1611540000, 1611543600, 0.06420975868119638
Aave-V2, 1611540000, 1611543600, 0.1731173718709667
Compound-V2, 1611536400, 1611540000, 0.06419240545316666
Aave-V2, 1611536400, 1611540000, 0.15559435357598322
Compound-V2, 1611532800, 1611536400, 0.0631284721206187
Aave-V2, 1611532800, 1611536400, 0.14600711418810805
Compound-V2, 1611529200, 1611532800, 0.06276941886638486
Aave-V2, 1611529200, 1611532800, 0.1348143483440268
Compound-V2, 1611525600, 1611529200, 0.06157423131027593
Aave-V2, 1611525600, 1611529200, 0.04778210935422301
Compound-V2, 1611522000, 1611525600, 0.061251654442475705
Aave-V2, 1611522000, 1611525600, 0.04342676269358524
Compound-V2, 1611518400, 1611522000, 0.06117683950165963
Aave-V2, 1611518400, 1611522000, 0.09770973104165842
Compound-V2, 1611514800, 1611518400, 0.06048719687926265
Aave-V2, 1611514800, 1611518400, 0.1673934476861952
Compound-V2, 1611511200, 1611514800, 0.06042035197448465
Aave-V2, 1611511200, 1611514800, 0.1883894517779145
Compound-V2, 1611507600, 1611511200, 0.059589584780129455
Aave-V2, 1611507600, 1611511200, 0.15649163393827148
Compound-V2, 1611504000, 1611507600, 0.059088588950954535
Aave-V2, 1611504000, 1611507600, 0.16498332855386905
Compound-V2, 1611500400, 1611504000, 0.05921547015322693
Aave-V2, 1611500400, 1611504000, 0.19075504989672695
Compound-V2, 1611496800, 1611500400, 0.058952095266610285
Aave-V2, 1611496800, 1611500400, 0.2066742016651641
Compound-V2, 1611493200, 1611496800, 0.058693377876576754
Aave-V2, 1611493200, 1611496800, 0.22662855048102573
Compound-V2, 1611489600, 1611493200, 0.06120608418906061
Aave-V2, 1611489600, 1611493200, 0.2255947284241312
Compound-V2, 1611486000, 1611489600, 0.06297816148022409
Aave-V2, 1611486000, 1611489600, 0.22750952336120808
Compound-V2, 1611482400, 1611486000, 0.06449912176783296
Aave-V2, 1611482400, 1611486000, 0.24520676112177392
Compound-V2, 1611478800, 1611482400, 0.06435721425347198
Aave-V2, 1611478800, 1611482400, 0.25602572158079906
Compound-V2, 1611475200, 1611478800, 0.06531671836548458
Aave-V2, 1611475200, 1611478800, 0.27955985550345447
Compound-V2, 1611471600, 1611475200, 0.06865057136802126
Aave-V2, 1611471600, 1611475200, 0.34172413926927503
Compound-V2, 1611468000, 1611471600, 0.07804034960769873
Aave-V2, 1611468000, 1611471600, 0.3538451744948816
Compound-V2, 1611464400, 1611468000, 0.07788352267785266
Aave-V2, 1611464400, 1611468000, 0.3600221340052911
Compound-V2, 1611460800, 1611464400, 0.07543489692516421
Aave-V2, 1611460800, 1611464400, 0.22468115712363385
Compound-V2, 1611457200, 1611460800, 0.07133328892579499
Aave-V2, 1611457200, 1611460800, 0.07029424495428978
Compound-V2, 1611453600, 1611457200, 0.07129584675289057
Aave-V2, 1611453600, 1611457200, 0.06496729859010253
Compound-V2, 1611450000, 1611453600, 0.07622873027435649
Aave-V2, 1611450000, 1611453600, 0.05583395199488444
Compound-V2, 1611446400, 1611450000, 0.07613371376043897
Aave-V2, 1611446400, 1611450000, 0.06093675845472562
Compound-V2, 1611442800, 1611446400, 0.07726272854465935
Aave-V2, 1611442800, 1611446400, 0.07291539004883049
Compound-V2, 1611439200, 1611442800, 0.07750394657670572
Aave-V2, 1611439200, 1611442800, 0.26184827156501206
Compound-V2, 1611435600, 1611439200, 0.07699641782525832
Aave-V2, 1611435600, 1611439200, 0.3700140049406967
Compound-V2, 1611432000, 1611435600, 0.07308558106757745
Aave-V2, 1611432000, 1611435600, 0.4189003826087667
Compound-V2, 1611428400, 1611432000, 0.07157881845667244
Aave-V2, 1611428400, 1611432000, 0.41242044827842245
Compound-V2, 1611424800, 1611428400, 0.07027087682139428
Aave-V2, 1611424800, 1611428400, 0.3845138170868631
Compound-V2, 1611421200, 1611424800, 0.0702795945008387
Aave-V2, 1611421200, 1611424800, 0.30804093801064353
Compound-V2, 1611417600, 1611421200, 0.071816005889537
Aave-V2, 1611417600, 1611421200, 0.2993434575119157
Compound-V2, 1611414000, 1611417600, 0.07162359640931676
Aave-V2, 1611414000, 1611417600, 0.29812021131711447
Compound-V2, 1611410400, 1611414000, 0.07153304254288446
Aave-V2, 1611410400, 1611414000, 0.29748311863787696
Compound-V2, 1611406800, 1611410400, 0.0716259717538405
Aave-V2, 1611406800, 1611410400, 0.5195688854370678
Compound-V2, 1611403200, 1611406800, 0.06711189480150477
Aave-V2, 1611403200, 1611406800, 0.5765770394380505
Compound-V2, 1611399600, 1611403200, 0.06767288744540824
Aave-V2, 1611399600, 1611403200, 0.6106918208365266
Compound-V2, 1611396000, 1611399600, 0.06827485458268
Aave-V2, 1611396000, 1611399600, 0.40807775267665153
Compound-V2, 1611392400, 1611396000, 0.06884170160916747
Aave-V2, 1611392400, 1611396000, 0.24716315852427903
Compound-V2, 1611388800, 1611392400, 0.06943537170991304
Aave-V2, 1611388800, 1611392400, 0.2755358982160481
Compound-V2, 1611385200, 1611388800, 0.06995718415474954
Aave-V2, 1611385200, 1611388800, 0.27041381263788117
Compound-V2, 1611381600, 1611385200, 0.0705620653699331
Aave-V2, 1611381600, 1611385200, 0.2900973140266593
Compound-V2, 1611378000, 1611381600, 0.0724564321215225
Aave-V2, 1611378000, 1611381600, 0.20138541463202833
Compound-V2, 1611374400, 1611378000, 0.07300639783536379
Aave-V2, 1611374400, 1611378000, 0.1514775087340709
Compound-V2, 1611370800, 1611374400, 0.09457459011810244
Aave-V2, 1611370800, 1611374400, 0.16116385827287205
Compound-V2, 1611367200, 1611370800, 0.11388127411930883
Aave-V2, 1611367200, 1611370800, 0.10452354547439523
Compound-V2, 1611363600, 1611367200, 0.11618930549638815
Aave-V2, 1611363600, 1611367200, 0.12131539640024151
Compound-V2, 1611360000, 1611363600, 0.10399125004200847
Aave-V2, 1611360000, 1611363600, 0.09882443023221962

